0,370.0,0.0
1,640.0,0.0
2,910.0,0.0
3,1180.0,0.0
4,1450.0,0.0
5,1720.0,0.0
6,1990.0,0.0
7,2260.0,0.0
8,2530.0,0.0
9,2800.0,0.0
10,3070.0,0.0
11,3340.0,0.0
12,3610.0,0.0
13,3880.0,0.0
14,4150.0,0.0
15,4420.0,0.0
16,4690.0,0.0
17,4960.0,0.0
18,5230.0,0.0
19,5500.0,0.0
20,5770.0,0.0
21,6040.0,0.0
22,6310.0,0.0
23,6580.0,0.0
24,6850.0,0.0
25,7120.0,0.0
26,7390.0,0.0
27,7660.0,0.0
28,7928.2,21.97180010832058
29,8196.4,43.94360021664116
30,8459.2,75.59999999999977
31,8713.9,110.44360551883462
32,8952.4,166.69205140017903
33,9169.3,226.20457555054023
34,9374.5,283.2856332396685
35,9582.4,318.5847453975163
36,9790.3,328.9755462036653
37,10013.5,339.7127463019308
38,10252.0,347.1714273957464
39,10499.5,341.8519416355566
40,10754.2,338.1365996161911
41,11017.0,337.8298388242223
42,11282.5,337.5599946676146
43,11548.0,337.2298919135135
44,11816.2,337.8010657176796
45,12085.3,338.44188570565535
46,12355.3,338.44188570565535
47,12625.3,338.44188570565535
48,12895.3,338.44188570565535
49,13165.3,338.44188570565535
50,13435.3,338.44188570565535
51,13705.3,338.44188570565535
52,13975.3,338.44188570565535
53,14245.3,338.44188570565535
54,14515.3,338.44188570565535
55,14785.3,338.44188570565535
56,15055.3,338.44188570565535
57,15325.3,338.44188570565535
58,15592.6,338.9118469454855
59,15855.4,338.1461814067994
60,16111.0,339.74254958718376
61,16360.3,347.1842594358216
62,16595.2,358.6655266400711
63,16819.3,369.29731924291036
64,17034.4,380.0771500629838
65,17251.3,385.9006478356828
66,17468.2,386.8911474820796
67,17692.3,391.7750757769049
68,17931.7,386.4040760654581
69,18178.3,388.28611873205085
70,18439.3,384.76552600252575
71,18704.8,386.70267648414267
72,18971.2,387.7067964325615
73,19238.5,388.4362882121082
74,19506.7,388.91144236188313
75,19775.8,389.1456796625144
76,20044.9,387.5009548375329
77,20314.0,386.47638996451
78,20583.1,386.0769223872359
79,20853.1,386.0769223872359
80,21123.1,386.0769223872359
81,21393.1,386.0769223872359
82,21663.1,386.0769223872359
83,21933.1,386.0769223872359
84,22203.1,386.0769223872359
85,22472.2,386.9330174590949
86,22740.4,388.633297595561
87,23006.8,388.8749927675992
88,23267.8,392.13155955622864
89,23526.1,396.8775503855064
90,23766.4,407.0786656163649
91,23995.9,423.76430949290716
92,24207.4,439.62397568831443
93,24421.6,445.8625797260861
94,24642.1,440.8521180622815
95,24859.9,425.93777714591056
96,25075.9,428.8941477800792
97,25304.5,426.4091345175429
98,25546.6,422.25636762516746
99,25799.5,411.5224781223986
100,26059.6,408.74666971120377
101,26323.3,410.7896176876924
102,26591.5,410.33979821606385
103,26860.6,410.70383489809274
104,27129.7,411.65630081416236
105,27397.9,410.6002800778388
106,27667.0,410.36447214640793
107,27937.0,410.36447214640793
108,28207.0,410.36447214640793
109,28477.0,410.36447214640793
110,28747.0,410.36447214640793
111,29017.0,410.36447214640793
112,29287.0,410.36447214640793
113,29556.1,411.30984670926654
114,29825.2,412.84011432999023
115,30094.3,413.18822587290714
116,30355.3,415.9626305330808
117,30611.8,418.85887838268445
118,30859.3,433.4703104019933
119,31094.2,446.1640505464334
120,31317.4,458.91528630020537
121,31537.0,467.5671074829794
122,31757.5,466.67842247097735
123,31969.0,453.8535005924268
124,32187.7,449.54166658942677
125,32411.8,454.4741576811607
126,32648.5,445.36361548739023
127,32900.5,437.8432938849241
128,33157.0,433.5908209360526
129,33418.0,433.6842169136433
130,33684.4,431.7599332962702
131,33952.6,432.1912076847462
132,34220.8,432.05249681028346
133,34489.0,433.03002205389873
134,34759.0,433.03002205389873
135,35028.1,432.95425855394905
136,35297.2,433.43760796682096
137,35566.3,434.47820428647503
138,35836.3,434.47820428647503
139,36106.3,434.47820428647503
140,36376.3,434.47820428647503
141,36646.3,434.47820428647503
142,36915.4,435.5144544099543
143,37182.7,436.9321572052119
144,37447.3,438.59743501301966
145,37707.4,440.17637374125354
146,37955.8,452.652582009647
147,38192.5,469.4472813852478
148,38415.7,483.1340497211927
149,38634.4,493.068595633508
150,38855.8,492.5853834615881
151,39080.8,485.5464550380322
152,39292.3,480.37663348668406
153,39506.5,485.5623029025215
154,39743.2,475.6361634695161
155,39993.4,461.8359448981864
156,40242.7,455.4489104169644
157,40499.2,457.19291333090484
158,40763.8,455.968814723112
159,41031.1,457.72676347358185
160,41301.1,457.72676347358185
161,41570.2,457.24606067193184
162,41839.3,457.8258511705079
163,42108.4,458.93293627718685
164,42376.6,457.96117739389285
165,42645.7,459.06264278418473
166,42915.7,459.06264278418473
167,43185.7,459.06264278418473
168,43455.7,459.06264278418473
169,43724.8,459.6313305248018
170,43993.9,460.72528691184334
171,44261.2,462.4073528827152
172,44526.7,464.6397636879566
173,44788.6,466.3389754245299
174,45038.8,476.8947053595793
175,45280.9,490.72618638095986
176,45506.8,505.36101947023974
177,45725.5,512.5063414241818
178,45946.0,512.7631031967882
179,46165.6,499.5964771693249
180,46381.6,494.6103921269757
181,46593.1,498.19613607493955
182,46828.0,492.6215586025443
183,47074.6,476.88451432186355
184,47321.2,467.28637900114325
185,47575.0,463.39076382681606
186,47839.6,460.2019556672914
187,48106.0,463.47815482501437
188,48373.3,464.9882901751398
189,48641.5,467.3721750382665
190,48910.6,465.95669326665944
191,49177.9,463.774287773697
192,49445.2,464.19065048749104
193,49714.3,465.37136783433505
194,49984.3,465.37136783433505
195,50254.3,465.37136783433505
196,50524.3,465.37136783433505
197,50794.3,465.37136783433505
198,51063.4,466.02622243818075
199,51331.6,467.3279790468362
200,51598.0,469.38257317459073
201,51859.9,471.430790254518
202,52114.6,482.6249475524446
203,52358.5,496.4501485547164
204,52586.2,506.94532249543397
205,52810.3,514.1915110151085
206,53027.2,515.0768486352307
207,53247.7,509.82517591817685
208,53464.6,506.6960035366369
209,53671.6,510.5658037902665
210,53909.2,509.47949909687236
211,54154.0,498.34325519665657
212,54399.7,490.3232709141999
213,54649.9,482.1337884861417
214,54912.7,473.5838996418692
215,55180.9,474.10356463540796
216,55448.2,475.89154226567246
217,55715.5,478.6739495731933
218,55984.6,477.39379970837444
219,56251.9,475.57059412877885
220,56520.1,475.53652856536627
221,56788.3,478.0440460878053
222,57058.3,478.0440460878053
223,57328.3,478.0440460878053
224,57598.3,478.0440460878053
225,57867.4,478.27527638379917
226,58136.5,479.01226497867464
227,58403.8,480.701112958978
228,58670.2,483.08794230450434
229,58935.7,484.64059879461195
230,59189.5,493.01191669167594
231,59434.3,503.49429986842915
232,59663.8,514.0851680412493
233,59886.1,524.8312014352807
234,60105.7,530.2909673000281
235,60325.3,530.932114304645
236,60536.8,527.7838193806244
237,60751.0,530.8474357101106
238,60985.0,526.0959988443174
239,61229.8,518.0405003472215
240,61471.0,511.1017511220246
241,61720.3,502.7215034191402
242,61981.3,493.9770338791065
243,62247.7,491.873672806342
244,62515.0,491.3868130098731
245,62783.2,491.5483292617315
246,63051.4,492.69061285963244
247,63320.5,492.02515179612516
248,63588.7,490.68657002204566
249,63856.9,492.8015726435942
250,64126.9,492.8015726435942
251,64396.9,492.8015726435942
252,64666.9,492.8015726435942
253,64936.0,493.1145911448981
254,65205.1,493.91799926708484
255,65472.4,495.82077407063144
256,65738.8,498.48626861730094
257,66001.6,500.7948082797983
258,66254.5,508.6990760754338
259,66495.7,522.7528192176491
260,66727.0,535.859123277751
261,66952.9,546.6631412487949
262,67171.6,549.0914677902033
263,67392.1,548.7336239014332
264,67607.2,542.6455196534849
265,67816.0,541.3483167056124
266,68046.4,533.6506722566739
267,68293.0,526.2499406175739
268,68532.4,514.2647567158385
269,68778.1,503.05008696947846
270,69037.3,495.31980578208254
271,69303.7,494.959907467261
272,69570.1,492.60429352574664
273,69837.4,494.75775890833677
274,70105.6,496.0167739099152
275,70372.9,496.17596676985477
276,70640.2,495.8305759026968
277,70908.4,498.03758894284294
278,71178.4,498.03758894284294
279,71448.4,498.03758894284294
280,71718.4,498.03758894284294
281,71987.5,498.4042034333178
282,72256.6,499.25588629479387
283,72523.9,501.3080789295142
284,72791.2,504.78367643971967
285,73054.9,505.74795105862756
286,73309.6,514.5481901629815
287,73553.5,526.8460401293721
288,73785.7,538.325654227996
289,74013.4,545.3168253410122
290,74231.2,551.5583015420942
291,74450.8,553.8152760623348
292,74662.3,553.2555557787019
293,74872.9,553.2906921320836
294,75106.9,545.6843318256447
295,75351.7,541.2966931360289
296,75591.1,531.8832484671804
297,75836.8,525.1683158759672
298,76094.2,514.7779715566703
299,76358.8,511.3204083546828
300,76625.2,508.8113206287771
301,76893.4,509.2155142962563
302,77161.6,510.5658037902657
303,77428.9,510.9107456298019
304,77696.2,510.76566055286
305,77964.4,513.0347356661143
306,78233.5,514.871585931871
307,78503.5,514.871585931871
308,78773.5,514.871585931871
309,79043.5,514.871585931871
310,79312.6,515.287531384178
311,79580.8,516.5843203195391
312,79848.1,517.8082560176109
313,80110.0,520.9126606255602
314,80362.9,530.7245895942639
315,80605.9,541.4223767078714
316,80838.1,550.4138352185562
317,81063.1,559.318683757301
318,81284.5,566.55339554185
319,81509.5,573.7985273595602
320,81727.3,571.830140863526
321,81937.0,575.9296832079416
322,82171.9,566.9421399049465
323,82415.8,561.4413237373965
324,82659.7,551.584000855718
325,82903.6,539.8379756927075
326,83161.0,530.8474357101106
327,83423.8,527.1542089370048
328,83688.4,525.1127878846604
329,83955.7,524.7632894934627
330,84223.9,526.6799692412841
331,84491.2,527.6917281898585
332,84758.5,525.9227604886482
333,85026.7,528.2708680213213
334,85295.8,530.1267395632859
335,85565.8,530.1267395632859
336,85835.8,530.1267395632859
337,86104.9,530.1443105419506
338,86374.0,530.6185070274123
339,86642.2,532.0180072140419
340,86908.6,533.878300739036
341,87170.5,537.5004651160779
342,87426.1,546.6038693606185
343,87670.0,559.1600844123265
344,87902.2,569.5201137800143
345,88132.6,578.9483914823497
346,88354.0,589.2079429199847
347,88573.6,590.9814210277682
348,88785.1,593.7128851557796
349,88993.9,598.9288688984694
350,89225.2,590.5920419375799
351,89467.3,583.8850143649862
352,89704.9,568.0554462374246
353,89947.9,554.8987204887029
354,90205.3,544.0431141003446
355,90469.9,540.5839342784795
356,90734.5,537.9523677798993
357,91000.9,538.7227394495243
358,91270.0,541.048981146809
359,91537.3,540.8176309995823
360,91804.6,539.222440185866
361,92073.7,540.1882171984128
362,92343.7,540.1882171984128
363,92613.7,540.1882171984128
364,92883.7,540.1882171984128
365,93152.8,540.2519412274244
366,93421.9,540.7637099510285
367,93690.1,542.2296469209338
368,93956.5,544.2396071584648
369,94218.4,548.2056548413201
370,94472.2,558.3163619311191
371,94715.2,570.0745214443463
372,94948.3,580.7134491296031
373,95177.8,589.9196216434921
374,95401.0,598.0091972536877
375,95619.7,601.7299311152807
376,95832.1,601.2774650691645
377,96040.9,604.7430776784474
378,96274.9,596.1635597719805
379,96519.7,586.8738450467874
380,96758.2,574.4482222097996
381,97000.3,561.9136143572254
382,97253.2,548.7018862734109
383,97517.8,546.438615033748
384,97784.2,544.2998805805495
385,98050.6,544.3653552532523
386,98318.8,546.8386965093081
387,98586.1,546.7520370332428
388,98852.5,544.0907552973125
389,99120.7,544.3110415929473
390,99390.7,544.3110415929473
391,99659.8,544.8650842181029
392,99929.8,544.8650842181029
393,100198.9,544.9713662202807
394,100468.0,545.5217685849026
395,100736.2,547.0608375674497
396,101002.6,549.2242165090686
397,101265.4,553.016129963675
398,101519.2,563.3856228197524
399,101763.1,575.4505973582789
400,101997.1,587.3760209610195
401,102226.6,597.2122235855526
402,102453.4,608.4985127344189
403,102676.6,609.2966765049679
404,102890.8,610.9773809233857
405,103096.0,611.4703590526691
406,103326.4,601.5771272247639
407,103567.6,589.966304122532
408,103812.4,584.032738808365
409,104056.3,569.957287873398
410,104308.3,556.4962803110188
411,104570.2,552.5413649673661
412,104834.8,550.5587707048184
413,105100.3,551.8776223040762
414,105368.5,554.4138796963871
415,105635.8,554.4730471357468
416,105902.2,552.0427157385568
417,106170.4,552.3566239305906
418,106439.5,552.5113121013903
419,106708.6,553.1040046862798
420,106978.6,553.1040046862798
421,107247.7,553.2555557787015
422,107516.8,553.8445269206868
423,107785.0,555.453868471541
424,108051.4,557.7705980060257
425,108314.2,561.4413237373969
426,108568.9,571.9491148694955
427,108812.8,584.3322342640364
428,109047.7,594.6071896638995
429,109279.0,605.2792743849735
430,109503.1,612.012573400253
431,109727.2,616.4415300740214
432,109938.7,620.8375874574602
433,110150.2,624.7815298166229
434,110381.5,619.677940546539
435,110620.9,609.1471004609646
436,110859.4,595.9359361542149
437,111100.6,579.5357107202277
438,111352.6,566.216601664063
439,111615.4,562.0238784962786
440,111881.8,560.314875761834
441,112148.2,560.3148757618338
442,112416.4,561.172914528133
443,112683.7,560.932536050459
444,112951.0,559.8115754430235
445,113219.2,559.7797423987407
446,113488.3,559.9786692366059
447,113757.4,560.6097038047054
448,114027.4,560.6097038047054
449,114296.5,560.8054475484346
450,114565.6,561.4326673787333
451,114834.7,562.4899199096826
452,115101.1,564.5367924236649
453,115364.8,567.5111981274031
454,115620.4,576.4666859411736
455,115865.2,589.2189406324271
456,116101.9,603.2142156812952
457,116329.6,611.9099933813799
458,116554.6,620.1280835440369
459,116779.6,626.5603243104365
460,116996.5,634.0210958635367
461,117207.1,640.2910197714788
462,117440.2,637.1059252589002
463,117677.8,624.859312165547
464,117914.5,611.7848886659427
465,118155.7,593.4345035469366
466,118404.1,577.6142224703265
467,118666.0,572.8978966622237
468,118931.5,570.4005171806912
469,119197.9,570.5879336263604
470,119465.2,573.0505736843828
471,119731.6,573.6213385152263
472,119997.1,572.288904313197
473,120265.3,572.3398553307298
474,120534.4,572.5754448105507
475,120803.5,573.233591130178
476,121073.5,573.233591130178
477,121342.6,573.4659885293984
478,121611.7,574.120292273318
479,121879.9,575.422444817718
480,122146.3,577.5805658087879
481,122410.9,581.3881577741329
482,122665.6,588.8944217769423
483,122911.3,602.6983573894985
484,123148.0,617.7960828622985
485,123375.7,628.049767136331
486,123598.0,635.886782375605
487,123822.1,639.5315394880843
488,124034.5,643.6573234260603
489,124248.7,648.4067473430542
490,124481.8,642.3478496889359
491,124719.4,630.1568376206042
492,124956.1,618.3589491549391
493,125196.4,600.3640895323434
494,125444.8,585.9103685718493
495,125704.9,580.8863830388865
496,125971.3,578.2813415630834
497,126237.7,578.1692745208798
498,126505.9,580.4120863662303
499,126772.3,581.1038719540599
500,127036.9,582.7241113940629
501,127305.1,582.8353026370315
502,127574.2,583.0972131643232
503,127843.3,583.7740230602936
504,128113.3,583.7740230602936
505,128382.4,584.032738808365
506,128651.5,584.7056952005855
507,128920.6,585.7914646015249
508,129187.0,587.6248803445953
509,129449.8,590.7977318846107
510,129707.2,599.2513329146639
511,129956.5,610.1940265194343
512,130195.9,622.9527991750257
513,130425.4,629.4623420030782
514,130647.7,636.0720949703743
515,130870.0,639.823413138344
516,131086.9,646.0088157293211
517,131301.1,651.2785809467405
518,131533.3,647.206389029033
519,131770.9,633.6530517562428
520,132009.4,619.2654035225934
521,132253.3,605.8350518086586
522,132499.0,591.0609105667537
523,132758.2,587.4153215570728
524,133023.7,584.9660759394511
525,133291.0,585.1384451563579
526,133560.1,585.0546897513086
527,133827.4,585.2104236939051
528,134092.0,586.7282164682384
529,134359.3,588.0871619071448
530,134628.4,588.399048265716
531,134897.5,589.1220162241435
532,135167.5,589.1220162241435
533,135436.6,589.430606602677
534,135705.7,590.1495657881987
535,135973.9,591.1698486898665
536,136240.3,593.1887642226548
537,136504.0,596.4494949281121
538,136759.6,604.0495343926682
539,137008.0,615.036584277716
540,137246.5,625.9207218170685
541,137474.2,633.0500454150522
542,137697.4,643.9900930915014
543,137919.7,648.3817625442592
544,138132.1,651.9498370273583
545,138345.4,658.0249539341194
546,138579.4,656.2252966779015
547,138818.8,646.608505975602
548,139055.5,629.0188788899742
549,139299.4,612.161449292587
550,139543.3,594.4982001654841
551,139800.7,589.1880090429544
552,140067.1,586.9621708423805
553,140333.5,586.3657135269763
554,140602.6,586.3166721149933
555,140870.8,584.1381343483746
556,141136.3,584.6890712164882
557,141403.6,585.7499807938542
558,141672.7,586.1004265482153
559,141941.8,586.8634934974231
560,142211.8,586.8634934974231
561,142480.9,587.2105159140124
562,142750.0,587.9693869581987
563,143019.1,587.8998128933193
564,143285.5,589.6717307112492
565,143549.2,592.8097165195596
566,143805.7,599.5452526707219
567,144055.9,610.2099556709971
568,144291.7,620.1065311702498
569,144523.0,627.616921378001
570,144748.9,637.4510098823276
571,144970.3,646.1291743916229
572,145181.8,651.6124308206529
573,145396.9,662.3529195225158
574,145629.1,660.0743821721909
575,145865.8,647.096870646119
576,146104.3,633.8268769940256
577,146346.4,612.518603799101
578,146591.2,593.1648674694076
579,146847.7,585.1322158281837
580,147111.4,582.6302772771082
581,147377.8,582.1796629907302
582,147646.9,582.1678366244571
583,147914.2,582.1240074073567
584,148179.7,582.4404776455706
585,148447.0,583.1972222156069
586,148716.1,583.5852893965033
587,148985.2,584.387679541586
588,149255.2,584.387679541586
589,149524.3,584.7721864110845
590,149793.4,585.5701836671682
591,150062.5,586.3657135269763
592,150328.9,587.8722565319781
593,150591.7,591.2191725578598
594,150847.3,599.2209191942485
595,151094.8,611.8782231784359
596,151333.3,622.453299453059
597,151565.5,628.7612822049398
598,151790.5,643.6573234260603
599,152016.4,655.44720611198
600,152232.4,658.4802502733095
601,152446.6,664.9800297753305
602,152678.8,663.3042740703547
603,152914.6,653.2065829429458
604,153153.1,638.8218765821968
605,153396.1,620.0595052089761
606,153641.8,602.9301452075517
607,153897.4,594.5479291024404
608,154160.2,592.0303708425777
609,154426.6,591.7621481642774
610,154695.7,591.7943139301019
611,154963.0,591.8825897084657
612,155228.5,592.4126517892744
613,155495.8,592.8780313015483
614,155764.9,593.3034552402339
615,156034.0,594.1363479875642
616,156304.0,594.1363479875642
617,156573.1,594.5581468620205
618,156842.2,595.3865635030743
619,157110.4,595.813595011057
620,157376.8,597.4644424566203
621,157639.6,601.0922059052175
622,157895.2,609.6236215895833
623,158143.6,623.9174945455536
624,158381.2,635.2342560032482
625,158612.5,643.2796825642794
626,158839.3,657.5366985955994
627,159062.5,668.7157467863308
628,159279.4,674.4862044549168
629,159494.5,681.6720252438118
630,159728.5,678.5755300627926
631,159965.2,666.7390494038877
632,160201.9,652.9926416124457
633,160444.9,637.7813026422141
634,160689.7,620.811493128148
635,160945.3,612.9330387570893
636,161208.1,610.8202599783341
637,161475.4,611.0489669412755
638,161744.5,610.7247743460224
639,162011.8,610.9376072889926
640,162276.4,611.7246439371233
641,162543.7,612.2983831433819
642,162812.8,612.7513035481844
643,163081.9,613.5987206635949
644,163351.9,613.5987206635949
645,163621.0,614.0480437229647
646,163890.1,614.8910391280724
647,164158.3,615.3861470654017
648,164424.7,617.1473973047282
649,164687.5,620.983695438133
650,164944.0,629.4855042016457
651,165191.5,642.7758162843403
652,165430.9,655.2710813091027
653,165666.7,664.9842930475875
654,165893.5,678.4561518624472
655,166117.6,690.4261292853854
656,166330.9,694.0505673220068
657,166545.1,695.8455216497407
658,166778.2,691.8863779552246
659,167015.8,679.3396499542766
660,167251.6,661.3769273266187
661,167493.7,641.7517510689006
662,167737.6,622.6959450646845
663,167993.2,614.7046119885549
664,168256.0,612.9257703833312
665,168523.3,613.276536319465
666,168792.4,612.5979431894947
667,169059.7,612.93303875709
668,169325.2,613.8607008108596
669,169592.5,614.1634554416275
670,169860.7,615.1491770294423
671,170129.8,616.0340575000704
672,170399.8,616.0340575000704
673,170668.9,616.5223353618253
674,170938.0,617.4026239011298
675,171207.1,618.2803490327021
676,171474.4,620.1150215887376
677,171738.1,624.1997997436396
678,171993.7,632.9828670667158
679,172243.0,646.059594774352
680,172481.5,658.4624135058888
681,172715.5,667.0178033605999
682,172942.3,681.9191374349301
683,173164.6,694.3218562021505
684,173379.7,698.8840461764746
685,173591.2,700.6001427347842
686,173824.3,697.003952643025
687,174061.0,686.0692384883613
688,174297.7,669.3307926578605
689,174540.7,648.9811322372939
690,174781.9,627.5646500560721
691,175036.6,620.3631517103507
692,175299.4,618.8728787077362
693,175565.8,618.2914846575201
694,175834.9,617.6511879693904
695,176102.2,618.0818392413745
696,176367.7,619.1653333318974
697,176635.0,619.5635560618458
698,176903.2,620.6059619436472
699,177172.3,621.5156554745823
700,177442.3,621.5156554745823
701,177711.4,622.0321856624457
702,177980.5,622.9371958713014
703,178249.6,623.8395947677575
704,178516.9,625.7550559124556
705,178779.7,629.7498789201952
706,179036.2,638.096826508328
707,179285.5,646.9209766269756
708,179524.0,660.3817078023891
709,179758.0,668.306815766531
710,179985.7,684.3380085893227
711,180206.2,697.297325392834
712,180420.4,703.6503677253354
713,180633.7,710.4022170573512
714,180865.0,707.6884907923825
715,181105.3,700.5047537311934
716,181342.9,683.9638806252857
717,181581.4,659.3284765577773
718,181822.6,639.1926470165316
719,182078.2,632.0512321006901
720,182341.0,630.0642824347369
721,182608.3,630.5982159822534
722,182877.4,629.6167405652421
723,183144.7,630.1356282579171
724,183410.2,631.3588203232775
725,183677.5,631.845511181333
726,183946.6,632.3894686030118
727,184215.7,632.931678777417
728,184485.7,632.931678777417
729,184754.8,633.4721461911328
730,185023.9,634.3940337046046
731,185293.9,634.3940337046046
732,185561.2,635.9988679235212
733,185824.0,640.2030927760346
734,186079.6,649.0391667688475
735,186328.9,662.1327585915072
736,186567.4,674.5822707424206
737,186800.5,682.1471615421411
738,187025.5,696.9481688045389
739,187250.5,712.0103580707236
740,187465.6,718.955242000502
741,187678.9,724.1835333670605
742,187910.2,723.5440276859453
743,188148.7,715.5147168297799
744,188383.6,696.4302118662005
745,188620.3,670.8538663524272
746,188859.7,648.256824106002
747,189112.6,640.3321325687166
748,189374.5,638.3500215399072
749,189640.9,637.6034739554045
750,189910.0,636.6506106177861
751,190177.3,637.2171607858659
752,190442.8,638.5155910390915
753,190710.1,639.0500684609935
754,190978.3,639.7797355340357
755,191247.4,640.3321325687158
756,191517.4,640.3321325687158
757,191786.5,640.8827895957263
758,192055.6,641.8104393043161
759,192324.7,642.3573071118597
760,192592.0,643.9875775199395
761,192854.8,648.2599478604243
762,193110.4,657.2243452581469
763,193359.7,668.3134818331893
764,193600.0,680.6761344428053
765,193832.2,690.2689041236033
766,194060.8,706.1737463259307
767,194284.0,719.0994367957744
768,194500.9,725.3235071331965
769,194711.5,728.6526950475103
770,194944.6,729.257732218178
771,195186.7,723.2165028537444
772,195422.5,706.643297569573
773,195660.1,680.6636393990792
774,195901.3,660.6582399395321
775,196155.1,653.5877829335554
776,196416.1,649.5350567906246
777,196682.5,648.9212201800771
778,196951.6,648.0149998263923
779,197218.9,648.6615373212744
780,197484.4,650.0866403795728
781,197751.7,650.7012448120869
782,198019.9,651.4775437419156
783,198289.0,652.0498447204784
784,198559.0,652.0498447204784
785,198828.1,652.6204026844393
786,199097.2,653.5611371555076
787,199367.2,653.5611371555076
788,199635.4,655.0639968735878
789,199898.2,659.1515455492769
790,200153.8,668.4740533483704
791,200403.1,681.8763744257459
792,200644.3,694.559219937364
793,200876.5,703.8868872198146
794,201104.2,718.1729318207423
795,201328.3,731.1252355103055
796,201541.6,736.804885977285
797,201751.3,740.8760422634815
798,201984.4,743.1101129711533
799,202225.6,735.3302931336366
800,202460.5,716.2071976739692
801,202699.0,692.8831070245543
802,202939.3,669.9839624946261
803,203190.4,660.1756130000563
804,203452.3,657.9800224930838
805,203717.8,655.4793360587352
806,203986.0,653.3528908637353
807,204253.3,654.053598721083
808,204518.8,655.5658319345206
809,204786.1,656.2345541039421
810,205055.2,656.8249081756875
811,205324.3,657.0437656655754
812,205593.4,657.6309299295466
813,205862.5,658.2163398154136
814,206131.6,659.1687492592465
815,206400.7,659.381915129616
816,206668.0,660.3817078023891
817,206930.8,664.573065960396
818,207186.4,674.0897863044652
819,207435.7,684.9295657219067
820,207676.0,698.8776716994183
821,207909.1,708.3743290097403
822,208139.5,721.9520413434676
823,208364.5,736.5030549834808
824,208575.1,742.6930658084804
825,208786.6,749.178510102899
826,209017.9,751.0223631823488
827,209258.2,745.5325345013458
828,209496.7,731.9003415766385
829,209734.3,709.7862424702245
830,209977.3,691.8249128211554
831,210230.2,684.4238160672086
832,210490.3,679.8491818043177
833,210754.9,676.0066493755809
834,211023.1,673.9906453356751
835,211290.4,674.7383492880778
836,211555.9,676.3181130207888
837,211823.2,677.0345338311777
838,212092.3,677.6294784024667
839,212361.4,677.8643227077225
840,212630.5,678.4561518624472
841,212899.6,679.0462723555729
842,213168.7,679.9921396604522
843,213437.8,680.221405132182
844,213705.1,681.2583871043352
845,213967.9,685.501706781245
846,214223.5,695.0861457402241
847,214473.7,707.3169798612215
848,214714.0,719.8874912095639
849,214947.1,729.0216663446978
850,215177.5,742.1999393694397
851,215400.7,756.0916015933523
852,215614.9,761.8589042598368
853,215827.3,763.1931013839155
854,216058.6,763.1893867186576
855,216300.7,756.8411392095442
856,216541.0,745.263040811766
857,216778.6,724.6447681450554
858,217018.9,705.8312758726408
859,217270.0,695.5084471090197
860,217530.1,689.8833162209389
861,217795.6,687.0390381921538
862,218062.9,681.8288568255235
863,218329.3,680.0636073191981
864,218593.9,679.5202645984882
865,218861.2,680.3047552384153
866,219130.3,680.9206341417479
867,219399.4,681.178126483815
868,219668.5,681.7908403608837
869,219937.6,682.4018171136419
870,220206.7,683.3667463375721
871,220475.8,683.6185778634159
872,220743.1,684.7213958976308
873,221005.9,689.1314751192258
874,221261.5,699.0370161872688
875,221511.7,711.0176580085754
876,221753.8,723.9693087417448
877,221986.0,731.4957279437796
878,222215.5,745.6840819006397
879,222440.5,762.2288042313804
880,222653.8,769.0003641091464
881,222864.4,769.5626290302823
882,223096.6,769.3415626365183
883,223337.8,762.845436507291
884,223574.5,747.0948734933202
885,223813.0,725.7706249222271
886,224055.1,710.0190067878464
887,224304.4,698.7293038079911
888,224562.7,690.4185035179751
889,224828.2,687.6588980010362
890,225096.4,685.0555014011634
891,225363.7,685.922233201403
892,225628.3,685.1424012568482
893,225895.6,685.9771424763364
894,226164.7,686.6068088797257
895,226433.8,686.8810377350652
896,226702.9,687.507519958873
897,226972.0,688.13225473015
898,227241.1,689.1079668673115
899,227510.2,689.3765009049847
900,227778.4,689.5574232795993
901,228041.2,693.7453134976842
902,228296.8,703.8989700233975
903,228547.0,716.221334504914
904,228790.0,729.1666476190474
905,229023.1,738.0104267556121
906,229254.4,753.1790225437771
907,229479.4,770.0361290225279
908,229690.0,775.4637322273686
909,229901.5,776.7552703393778
910,230131.9,775.7869488461378
911,230377.6,773.426299009802
912,230617.9,760.34767705307
913,230855.5,739.4665306827619
914,231096.7,723.2165028537444
915,231346.9,715.1568988690524
916,231605.2,707.0678609581965
917,231870.7,704.5172176746293
918,232138.9,701.6878151998934
919,232405.3,699.8106243834828
920,232669.9,699.2131220164564
921,232937.2,700.114390653413
922,233206.3,700.7590955528157
923,233475.4,701.0555184862325
924,233744.5,701.6970500151757
925,234013.6,702.3368422630276
926,234282.7,703.3204888242628
927,234551.8,703.611227880852
928,234819.1,704.4758264128016
929,235083.7,708.9184085633548
930,235340.2,719.0521260659759
931,235589.5,731.6479686297229
932,235830.7,744.2140216362498
933,236066.5,754.1092427493513
934,236298.7,767.827656443814
935,236521.9,778.0805806598689
936,236736.1,786.1792352892567
937,236944.9,789.7360255173874
938,237178.0,790.976611537914
939,237420.1,784.4877245693519
940,237657.7,770.2711925030037
941,237894.4,748.9730569252805
942,238135.6,732.018196495142
943,238385.8,720.5375493338288
944,238643.2,713.8401501736929
945,238907.8,709.3667316698751
946,239176.0,706.6003113500587
947,239443.3,705.1837420133845
948,239707.9,704.3838371229142
949,239975.2,705.347403766399
950,240244.3,706.0102761291795
951,240514.3,706.0102761291795
952,240783.4,706.3274311535698
953,241053.4,706.3274311535698
954,241322.5,706.9870932343815
955,241591.6,707.3015198626397
956,241858.9,708.2371001296107
957,242122.6,712.7659082756416
958,242378.2,722.4685183452631
959,242627.5,736.8329186457402
960,242870.5,751.2035343367336
961,243104.5,759.3541663808792
962,243333.1,770.8640541626007
963,243557.2,783.4322944581743
964,243772.3,789.7934603426394
965,243982.9,791.661916476977
966,244215.1,793.0113429201375
967,244458.1,789.7565384344729
968,244694.8,772.122373720643
969,244935.1,753.8428151809896
970,245179.9,739.5234884707847
971,245429.2,728.5309602206348
972,245686.6,722.31602501952
973,245951.2,718.0714170610051
974,246219.4,715.3975398336228
975,246485.8,713.4201847438854
976,246750.4,712.8000000000002
977,247017.7,713.837313398508
978,247286.8,714.520650506338
979,247555.9,714.5223509450218
980,247825.0,714.8629239231813
981,248094.1,715.2022021778175
982,248363.2,715.8797105659584
983,248632.3,716.216245277919
984,248899.6,717.2181258166863
985,249163.3,721.8712558344456
986,249418.9,731.8604990023717
987,249669.1,746.6740855286192
988,249912.1,760.0280192203436
989,250147.0,769.5394726718051
990,250375.6,781.4695387537514
991,250601.5,796.5254233230726
992,250817.5,805.0222046627036
993,251029.0,809.9499984566949
994,251257.6,810.0519983309711
995,251499.7,806.5983573005833
996,251740.0,793.3284313574045
997,251975.8,770.2002077382218
998,252217.9,755.2169158592781
999,252468.1,743.2599747060245
1000,252725.5,736.8329186457402
1001,252990.1,732.8117015987119
1002,253258.3,730.2383925814912
1003,253524.7,728.394748745486
1004,253789.3,727.9275444712889
1005,254055.7,729.0394433773802
1006,254324.8,729.7307448641586
1007,254593.9,729.7546094407355
1008,254863.0,730.1102656448545
1009,255132.1,730.4646398012706
1010,255401.2,731.1501624153548
1011,255670.3,731.5018181795592
1012,255937.6,732.549138283569
1013,256201.3,737.2593234405385
1014,256456.9,747.3897176172549
1015,256708.9,761.7951102494691
1016,256953.7,773.8173621727548
1017,257185.9,783.2063521192869
1018,257416.3,794.9863583735257
1019,257641.3,808.9247863676818
1020,257854.6,816.0593360779594
1021,258065.2,819.156248831687
1022,258295.6,821.095999259527
1023,258534.1,814.039427792045
1024,258770.8,795.7018034414647
1025,259008.4,775.9983505137112
1026,259246.9,754.2939678931549
1027,259495.3,741.728326275868
1028,259752.7,736.0718103554843
1029,260018.2,733.7048180297032
1030,260286.4,730.8221671514901
1031,260554.6,730.2566945944417
1032,260820.1,729.8212041315321
1033,261087.4,730.9440744680813
1034,261355.6,731.3539772230682
1035,261624.7,731.3910786986671
1036,261893.8,731.7592226955529
1037,262162.9,732.126075208362
1038,262432.0,732.8233074896021
1039,262701.1,733.1874180589841
1040,262968.4,734.2720476771533
1041,263232.1,739.0633193441544
1042,263488.6,748.724275017179
1043,263739.7,762.4073123993501
1044,263983.6,773.4681893911348
1045,264214.9,782.6269801124926
1046,264447.1,795.7440480456012
1047,264675.7,807.6821837827052
1048,264893.5,813.1314469383163
1049,265103.2,819.6900389781492
1050,265332.7,823.6308092828976
1051,265573.0,818.9010929288103
1052,265812.4,806.9462435627296
1053,266050.0,788.1040540436269
1054,266290.3,768.6500569179707
1055,266538.7,754.4185244279201
1056,266796.1,746.0011997309388
1057,267059.8,740.0364585613336
1058,267328.0,737.2313069858062
1059,267595.3,735.8076582912142
1060,267860.8,735.5021142049832
1061,268128.1,736.6921948819601
1062,268396.3,736.8197269346148
1063,268664.5,736.6130259505326
1064,268933.6,737.0027408361516
1065,269202.7,737.3911512894632
1066,269471.8,738.1075531384297
1067,269740.9,738.4931888650024
1068,270008.2,739.6423189623482
1069,270271.9,744.5665786214151
1070,270528.4,755.7985445871142
1071,270780.4,770.1518291869465
1072,271023.4,782.7020122626496
1073,271256.5,792.242860491655
1074,271486.0,803.1712146236318
1075,271714.6,812.9765310265728
1076,271933.3,821.5826860395731
1077,272142.1,827.187155364491
1078,272370.7,830.5254421148096
1079,272609.2,826.6567364994986
1080,272848.6,814.8276136705235
1081,273086.2,795.3046963271375
1082,273326.5,775.7117699248864
1083,273574.9,763.3459176546371
1084,273834.1,757.0166378620753
1085,274099.6,753.028445677851
1086,274366.9,749.4460554302759
1087,274634.2,748.1138683382362
1088,274899.7,747.9270753221867
1089,275167.0,749.1655357796433
1090,275435.2,749.3363463759114
1091,275703.4,749.178510102899
1092,275972.5,749.584384842694
1093,276241.6,749.9889599187444
1094,276510.7,750.7159982310224
1095,276779.8,751.1178070049998
1096,277047.1,752.3154856840314
1097,277310.8,757.3145713638422
1098,277566.4,767.4757585748232
1099,277818.4,782.0290531687423
1100,278060.5,794.3870278397048
1101,278291.8,804.1770700536042
1102,278521.3,815.7054063814951
1103,278749.0,825.9921307131201
1104,278968.6,830.8730588964839
1105,279179.2,836.0103827106456
1106,279410.5,837.278179579523
1107,279649.0,833.0228088113794
1108,279889.3,819.4306010883407
1109,280126.0,798.9242767621973
1110,280364.5,777.380698242502
1111,280612.0,762.8263236150152
1112,280869.4,753.7702833091789
1113,281133.1,745.8708936538549
1114,281400.4,742.3030647922718
1115,281667.7,741.0072266854081
1116,281933.2,740.9006411118835
1117,282200.5,742.1999393694397
1118,282468.7,742.4050848425003
1119,282736.9,742.2785124196979
1120,283006.0,742.7045172879992
1121,283275.1,743.1291879612857
1122,283544.2,743.8792643971196
1123,283813.3,744.301088270063
1124,284080.6,745.5586093661586
1125,284345.2,750.6323734025864
1126,284601.7,760.449939180746
1127,284853.7,775.1769539917964
1128,285096.7,787.245901862944
1129,285330.7,799.2136823153119
1130,285560.2,810.8575460584926
1131,285787.9,821.8823455945502
1132,286003.9,826.6582062739116
1133,286214.5,832.0377094819681
1134,286443.1,834.0523904407924
1135,286682.5,829.1120250002408
1136,286922.8,816.5415849789891
1137,287161.3,799.7607829845126
1138,287401.6,782.2361791684141
1139,287651.8,770.3263983533212
1140,287907.4,758.1419655974729
1141,288171.1,749.7918311104754
1142,288438.4,745.9821981790179
1143,288707.5,748.0700167765046
1144,288973.0,747.4336090918042
1145,289240.3,748.7929687169877
1146,289508.5,749.0438905698384
1147,289776.7,748.9660272669248
1148,290045.8,749.4120095114572
1149,290314.9,749.8566462998111
1150,290584.0,750.6237406317496
1151,290853.1,751.065503135379
1152,291120.4,752.3827749224457
1153,291385.0,756.5890562253726
1154,291640.6,766.4513291788335
1155,291895.3,779.7402836842538
1156,292138.3,792.1692432807527
1157,292371.4,801.3963064551773
1158,292601.8,812.8928342653783
1159,292830.4,824.502177074142
1160,293045.5,829.4050578577394
1161,293256.1,835.7211197522773
1162,293483.8,839.4042887667424
1163,293721.4,835.2484899716973
1164,293959.0,821.567404416704
1165,294196.6,802.4265947736278
1166,294437.8,786.2704114997586
1167,294686.2,773.9351135592701
1168,294942.7,764.1477016912371
1169,295205.5,752.9267892697138
1170,295472.8,748.8605744729789
1171,295741.0,744.9369100803101
1172,296006.5,744.0529215049155
1173,296273.8,745.4673433491236
1174,296542.9,746.2617436261895
1175,296811.1,745.892612914218
1176,297080.2,746.3577962344871
1177,297349.3,746.8216052043484
1178,297618.4,747.6091492217037
1179,297887.5,748.0700167765046
1180,298154.8,749.4444342311177
1181,298418.5,754.2166465943324
1182,298674.1,764.3639120209693
1183,298927.9,778.0389386142573
1184,299171.8,789.3343778146241
1185,299404.0,799.5323633224612
1186,299634.4,811.6702778838219
1187,299861.2,821.7034501570505
1188,300078.1,827.0304649769561
1189,300290.5,834.079582533945
1190,300519.1,837.579960361994
1191,300757.6,835.4521171198263
1192,300995.2,822.1173638842578
1193,301231.9,802.0706889046619
1194,301473.1,785.5401899330168
1195,301724.2,776.7975025706509
1196,301979.8,764.3729194575118
1197,302241.7,754.461470189167
1198,302508.1,748.3644767090433
1199,302774.5,745.4668000655696
1200,303040.0,744.6650253637538
1201,303307.3,746.1271406402527
1202,303575.5,746.1184557427862
1203,303843.7,745.7796658531252
1204,304112.8,746.2601155093311
1205,304381.9,746.7391713309274
1206,304651.0,747.541972065783
1207,304920.1,748.0180412262793
1208,305187.4,749.4379493994147
1209,305451.1,754.3154446251247
1210,305707.6,763.9425632860105
1211,305959.6,777.7916430510165
1212,306203.5,789.7852556233245
1213,306435.7,800.2265366757089
1214,306666.1,813.5218435911851
1215,306892.9,823.851072706712
1216,307108.0,829.0753886107101
1217,307318.6,835.2484899716973
1218,307545.4,839.5432329546827
1219,307783.0,835.6440629837563
1220,308022.4,823.145333461838
1221,308259.1,802.8176567565016
1222,308501.2,787.5776533142625
1223,308752.3,778.7423900109709
1224,309009.7,767.701055098923
1225,309272.5,759.3541663808792
1226,309539.8,754.1312617840476
1227,309805.3,749.2255401412846
1228,310071.7,747.6671117549571
1229,310339.0,748.8411046410313
1230,310607.2,748.860574472979
1231,310875.4,748.5511605762164
1232,311144.5,749.0438905698384
1233,311413.6,749.535215983879
1234,311682.7,750.3490587719824
1235,311951.8,750.8373725381546
1236,312219.1,752.2939518565859
1237,312482.8,757.2503945195408
1238,312738.4,767.4968664431143
1239,312991.3,781.1103059107592
1240,313236.1,792.1324321096821
1241,313470.1,802.7571176887812
1242,313703.2,817.0176007896035
1243,313931.8,825.941135917082
1244,314146.9,830.6463687996235
1245,314358.4,837.4469774260332
1246,314586.1,842.3822113506435
1247,314823.7,839.0061441968107
1248,315062.2,826.7449183393869
1249,315298.9,808.8286530532902
1250,315539.2,793.3570192542578
1251,315788.5,781.7446833845434
1252,316045.9,773.5284028398701
1253,316308.7,764.7622571753918
1254,316575.1,758.2354449641616
1255,316840.6,753.447834956077
1256,317107.0,752.9402366722076
1257,317374.3,753.8385171905182
1258,317641.6,753.7595372530945
1259,317909.8,753.4865360442744
1260,318178.9,753.9932294125722
1261,318448.0,754.4985089448487
1262,318717.1,755.324162197927
1263,318986.2,755.8264086415611
1264,319253.5,757.3247321988105
1265,319517.2,762.3674704497826
1266,319774.6,769.9940519250783
1267,320027.5,781.4337783843235
1268,320272.3,794.8029378405694
1269,320505.4,806.4743269317382
1270,320737.6,821.9636488312611
1271,320966.2,829.7960954354993
1272,321182.2,833.1861496688479
1273,321392.8,838.5643445794724
1274,321621.4,844.1232374481817
1275,321860.8,842.6691877599417
1276,322100.2,830.7911650950559
1277,322338.7,812.5215750981632
1278,322579.9,798.2036018460448
1279,322831.0,790.1056891327894
1280,323086.6,778.4474548741233
1281,323348.5,768.8944986147319
1282,323614.0,760.4866862739939
1283,323880.4,758.4944561432205
1284,324146.8,757.7636570857694
1285,324414.1,758.7266899220032
1286,324681.4,758.7186830439861
1287,324949.6,758.4944561432201
1288,325218.7,759.0212842865476
1289,325487.8,759.5466805931021
1290,325756.9,760.3902879442896
1291,326026.0,760.912609962537
1292,326293.3,762.4710551883261
1293,326557.9,765.8672143394049
1294,326815.3,774.7379621523651
1295,327067.3,787.6367881200064
1296,327312.1,801.525164919979
1297,327544.3,812.2822846769468
1298,327775.6,827.3854240920616
1299,328003.3,836.6278204793338
1300,328216.6,840.873617138747
1301,328426.3,847.6504645194264
1302,328652.2,851.8375197184021
1303,328890.7,849.712015920688
1304,329131.0,838.2571204588721
1305,329366.8,817.0176007896035
1306,329608.0,802.4649525057154
1307,329858.2,791.4864243940006
1308,330113.8,779.9817690177124
1309,330375.7,770.52352981593
1310,330641.2,762.176200100738
1311,330906.7,757.2477203663279
1312,331173.1,756.5456959100355
1313,331440.4,757.5327319660846
1314,331707.7,757.5471668483752
1315,331975.9,757.3375667428629
1316,332245.0,757.8726806001124
1317,332514.1,758.4063488658304
1318,332783.2,759.2586910928322
1319,333052.3,759.7892536749905
1320,333320.5,761.4845697714433
1321,333584.2,766.0876973297514
1322,333839.8,775.4198604627043
1323,334091.8,788.4102739056613
1324,334337.5,798.9622957311565
1325,334569.7,809.4052816729079
1326,334802.8,823.5545883546523
1327,335029.6,832.9080621533199
1328,335245.6,839.2440884510299
1329,335459.8,847.8726083557597
1330,335686.6,852.3546444995771
1331,335924.2,849.7048664095083
1332,336162.7,837.962833304676
1333,336400.3,819.5492114571284
1334,336643.3,806.7590160636568
1335,336893.5,795.3041870881858
1336,337148.2,784.393243214142
1337,337410.1,774.825780417766
1338,337675.6,766.6098355747856
1339,337942.0,759.9539459730438
1340,338208.4,759.0068774391968
1341,338475.7,760.0450710319755
1342,338743.0,760.113807268359
1343,339012.1,759.7082268871385
1344,339281.2,759.9411556166701
1345,339550.3,760.4925443421522
1346,339819.4,761.3617011644335
1347,340088.5,761.9099356223148
1348,340355.8,763.2275938407886
1349,340619.5,767.9457988686441
1350,340875.1,777.5390601120951
1351,341127.1,790.8429616554733
1352,341371.0,802.717260310254
1353,341605.0,813.2435059685383
1354,341837.2,829.239507018328
1355,342065.8,840.6963542207138
1356,342281.8,848.8655723964775
1357,342492.4,856.0433633876264
1358,342720.1,859.572562382024
1359,342960.4,859.1413387795975
1360,343198.9,847.5587236292243
1361,343433.8,825.686114694925
1362,343675.9,811.0488209719564
1363,343927.0,801.2022216644185
1364,344181.7,792.1692432807532
1365,344444.5,784.7437479840155
1366,344710.0,776.4032457428292
1367,344975.5,771.4186606506223
1368,345241.9,770.5487590023098
1369,345509.2,771.6186622937528
1370,345776.5,771.7336004088457
1371,346044.7,771.2800464163453
1372,346313.8,771.5241797895903
1373,346582.9,772.081983988747
1374,346852.0,772.95277992902
1375,347121.1,773.5074595632549
1376,347388.4,774.8493014773904
1377,347652.1,779.5989930727206
1378,347908.6,790.302499047042
1379,348161.5,801.6949232719389
1380,348405.4,813.5741146324655
1381,348637.6,824.5218250598342
1382,348868.9,839.4925788832204
1383,349097.5,848.8078404444672
1384,349314.4,852.269112428698
1385,349527.7,860.5670862867116
1386,349754.5,865.2529976833365
1387,349994.8,865.8804536424186
1388,350234.2,854.8370371012245
1389,350469.1,833.2167725148119
1390,350711.2,819.2353507997564
1391,350963.2,809.2476505989993
1392,351217.0,797.2496472247573
1393,351478.9,787.5174855201627
1394,351745.3,781.1932603395911
1395,352010.8,776.0150514004221
1396,352277.2,775.2213619347701
1397,352544.5,776.3380384858132
1398,352811.8,776.5054796973423
1399,353080.0,776.0902009431636
1400,353349.1,776.3505587039919
1401,353618.2,776.9226216297219
1402,353887.3,777.8057019590431
1403,354156.4,778.3746141800873
1404,354423.7,779.7610595560668
1405,354687.4,784.6038745762091
1406,354943.0,794.1958196817709
1407,355195.0,807.2453158736816
1408,355438.9,819.4740935502477
1409,355672.9,831.289714840741
1410,355905.1,845.606876745926
1411,356132.8,854.5432464188108
1412,356347.0,859.723792854426
1413,356557.6,866.8565279214315
1414,356786.2,871.9676370141271
1415,357024.7,869.8913207981783
1416,357262.3,856.6047571663375
1417,357497.2,835.3706722168301
1418,357740.2,820.7861840942501
1419,357990.4,809.2316355654908
1420,358244.2,797.3796837141017
1421,358506.1,787.7231683783338
1422,358771.6,779.2274635817193
1423,359037.1,774.072729141132
1424,359303.5,773.3063752485169
1425,359570.8,774.4477774517787
1426,359838.1,774.6375862298447
1427,360106.3,774.2359524072752
1428,360375.4,774.5042543459655
1429,360644.5,775.0849953392209
1430,360913.6,775.9774738998553
1431,361182.7,776.5550270264179
1432,361450.0,777.9665802590752
1433,361713.7,782.8711963024314
1434,361969.3,792.5985806194707
1435,362224.0,804.2798020589601
1436,362467.9,815.9476637628171
1437,362701.0,827.4617815947755
1438,362935.0,840.8620576527401
1439,363163.6,850.8613518076843
1440,363378.7,855.3556628677921
1441,363590.2,863.3979152163854
1442,363817.0,868.3484323703245
1443,364056.4,867.9211024050519
1444,364294.0,854.7631250820311
1445,364528.9,833.9746938606709
1446,364771.0,820.3834469319819
1447,365022.1,811.7675714143793
1448,365275.9,799.8863606788158
1449,365538.7,792.5372609537043
1450,365804.2,783.8560837296603
1451,366069.7,778.8047958249872
1452,366336.1,778.1014008469595
1453,366604.3,779.6156168266511
1454,366871.6,779.5392485308225
1455,367139.8,779.171329041309
1456,367408.9,779.4535201023853
1457,367678.0,780.0461524807363
1458,367947.1,780.9485194300584
1459,368216.2,781.5379453359892
1460,368483.5,782.9870688587392
1461,368747.2,787.9683749999107
1462,369002.8,797.877283797452
1463,369254.8,810.4078972961702
1464,369500.5,820.7659532412391
1465,369734.5,831.4533961684202
1466,369965.8,845.9789359079816
1467,370193.5,853.9454022359978
1468,370407.7,859.9079660056656
1469,370618.3,867.6163380204407
1470,370845.1,872.9438641745526
1471,371085.4,872.3799860152687
1472,371323.9,860.3637544666798
1473,371559.7,842.0706086783931
1474,371801.8,828.6825447660884
1475,372053.8,817.9985085560979
1476,372307.6,805.8413243312856
1477,372569.5,796.2202898695813
1478,372835.0,787.6414158740004
1479,373100.5,782.6766573751896
1480,373366.9,782.026463746592
1481,373634.2,782.9255136984617
1482,373901.5,782.8836120394908
1483,374169.7,782.5400373143856
1484,374438.8,782.8323958549497
1485,374707.9,783.433845324543
1486,374977.0,784.3436746732901
1487,375246.1,784.9419023086997
1488,375513.4,786.4187434185437
1489,375777.1,791.4572572160803
1490,376033.6,802.7596402410875
1491,376285.6,815.1555925097978
1492,376529.5,824.9986363625094
1493,376762.6,834.7246492107441
1494,376994.8,849.1613274284224
1495,377227.0,857.7429684934759
1496,377441.2,862.0177260358396
1497,377651.8,870.0705488637111
1498,377879.5,875.8600059370219
1499,378118.0,873.8809987635616
1500,378357.4,861.9369118444805
1501,378593.2,840.4747229988536
1502,378835.3,827.2224066114269
1503,379086.4,818.6458574988334
1504,379340.2,806.4502216504131
1505,379602.1,796.9646102556869
1506,379868.5,789.6826894392456
1507,380134.0,784.4985659642725
1508,380400.4,783.9118828031632
1509,380667.7,784.8552159475025
1510,380935.0,784.8598601024262
1511,381203.2,784.548124718937
1512,381472.3,784.8552159475018
1513,381741.4,785.4705850635023
1514,382010.5,786.3935083658816
1515,382279.6,787.0056162442544
1516,382546.9,788.5248188865077
1517,382810.6,793.6571300001025
1518,383067.1,805.1550099204504
1519,383319.1,817.8118304353394
1520,383563.9,827.5396002609177
1521,383796.1,838.3339370441829
1522,384030.1,852.76080468089
1523,384257.8,859.599418333912
1524,384470.2,865.1785711632025
1525,384681.7,873.0143813248446
1526,384908.5,878.3534311426124
1527,385147.9,876.8138856108517
1528,385385.5,863.2848602865685
1529,385623.1,845.4344386172119
1530,385866.1,831.9325633727775
1531,386116.3,820.1617584354937
1532,386370.1,808.1874720632582
1533,386632.0,798.8228839986997
1534,386897.5,790.0928742875739
1535,387163.0,784.9630564555251
1536,387429.4,784.4180263099514
1537,387696.7,785.3916920874578
1538,387964.9,786.0349801376528
1539,388233.1,785.4370694078553
1540,388502.2,785.7551527034357
1541,388771.3,786.3811480446369
1542,389040.4,787.3143209671726
1543,389309.5,787.9370215950004
1544,389576.8,789.4882899701553
1545,389840.5,794.6928652001351
1546,390097.0,806.3417389667982
1547,390349.0,819.1977783172999
1548,390593.8,828.9171008007977
1549,390826.0,839.8499866047507
1550,391059.1,854.2412949512561
1551,391288.6,861.0342850316706
1552,391502.8,866.684579302067
1553,391714.3,877.5673820282974
1554,391942.0,883.0096262215944
1555,392180.5,881.2994666967636
1556,392418.1,868.3106529347666
1557,392654.8,847.4425998260888
1558,392896.9,833.2750986318982
1559,393148.9,823.1231924809309
1560,393403.6,812.886855595537
1561,393666.4,805.78101243452
1562,393931.9,796.9036265446405
1563,394197.4,791.8997663846101
1564,394463.8,791.425018558297
1565,394731.1,792.4391396189359
1566,394998.4,792.2167885118315
1567,395266.6,791.6542427095306
1568,395535.7,791.9851703157076
1569,395804.8,792.6215742711018
1570,396073.9,793.5627196384669
1571,396343.0,794.1958196817709
1572,396610.3,795.7806921507965
1573,396874.9,800.7365297024985
1574,397131.4,812.2389057414083
1575,397383.4,825.3171753938003
1576,397628.2,834.8178004810388
1577,397861.3,843.8194771395121
1578,398094.4,859.3675814225253
1579,398323.0,868.3484323703245
1580,398537.2,874.0367040347899
1581,398746.9,879.1572043724606
1582,398973.7,884.5910411031758
1583,399211.3,882.1152475725612
1584,399448.9,869.5411376122464
1585,399684.7,848.3954915014571
1586,399926.8,834.2839804287272
1587,400176.1,822.8279224722505
1588,400429.9,810.3894063967028
1589,400691.8,800.6439658175161
1590,400957.3,791.7396731249485
1591,401223.7,789.4652050597285
1592,401490.1,788.7096994458732
1593,401757.4,789.7488461530032
1594,402024.7,789.5472816747579
1595,402292.9,788.9972053182447
1596,402562.0,789.3364301741052
1597,402831.1,789.9821453678554
1598,403100.2,790.9336002472019
1599,403369.3,791.5759660323198
1600,403637.5,792.242860491655
1601,403901.2,796.9834126253819
1602,404157.7,808.64436558972
1603,404409.7,821.9178243595891
1604,404653.6,832.1881037361686
1605,404887.6,842.9805691710812
1606,405122.5,854.2299163574172
1607,405353.8,863.5667663823106
1608,405568.0,868.3017908538483
1609,405779.5,876.4147134775865
1610,406007.2,883.3471344833806
1611,406245.7,882.8128397344483
1612,406484.2,871.1683878562178
1613,406720.0,850.3928503932756
1614,406963.0,837.2902722473252
1615,407214.1,825.7954892102524
1616,407467.0,813.5422545879225
1617,407728.9,804.0073320561198
1618,407994.4,795.2374739661101
1619,408260.8,793.0506667294342
1620,408527.2,792.0695424014225
1621,408794.5,793.1624991135171
1622,409061.8,793.0200249678442
1623,409330.0,792.5111986590473
1624,409599.1,792.8683308090945
1625,409868.2,793.5305665190222
1626,410137.3,794.4971428520055
1627,410406.4,795.1559846973423
1628,410673.7,796.5132202292687
1629,410937.4,801.3558760001702
1630,411193.9,813.2230874735419
1631,411445.9,826.7757797613573
1632,411691.6,836.672839286659
1633,411924.7,846.6752092744895
1634,412156.9,860.5332009864583
1635,412387.3,870.0216721438605
1636,412601.5,874.7495355814715
1637,412812.1,883.1650978158043
1638,413038.9,888.7056824393549
1639,413276.5,886.6142058415261
1640,413515.9,877.1648590772434
1641,413751.7,856.7182208871247
1642,413993.8,842.7749165702553
1643,414244.0,830.8321130047875
1644,414496.9,818.5642247252193
1645,414758.8,809.1875925890118
1646,415024.3,800.5301430926885
1647,415289.8,795.12134922916
1648,415556.2,794.1835807922492
1649,415823.5,795.3041870881858
1650,416090.8,795.1926559017005
1651,416359.0,794.7056058692426
1652,416628.1,795.0719401412681
1653,416897.2,795.7425211712637
1654,417166.3,796.7165807236605
1655,417435.4,797.3837470126915
1656,417702.7,798.7676195239765
1657,417966.4,803.6672445732748
1658,418222.9,815.6497961748047
1659,418474.9,829.3581795581454
1660,418718.8,839.7419603663977
1661,418951.0,850.5357135358868
1662,419185.0,865.3583072924187
1663,419414.5,872.802812781902
1664,419627.8,878.6120645654707
1665,419836.6,885.2651806097432
1666,420064.3,889.667640189301
1667,420302.8,886.4593391690338
1668,420543.1,875.9265893897731
1669,420778.9,855.1700357238901
1670,421021.0,841.4398374215473
1671,421270.3,829.4714642469623
1672,421524.1,819.5926976248631
1673,421786.0,810.0
1674,422051.5,801.3917581308158
1675,422317.0,796.0295220656078
1676,422583.4,795.1254240684299
1677,422850.7,796.2691190797243
1678,423118.9,797.0255893006195
1679,423387.1,796.2528430090532
1680,423656.2,796.6276168951205
1681,423925.3,797.3060328380825
1682,424194.4,798.2873166974402
1683,424463.5,798.9622957311565
1684,424730.8,800.3707640837464
1685,424994.5,805.3240031192414
1686,425251.0,817.4160507354868
1687,425503.0,831.2707140276265
1688,425746.9,841.8820523089919
1689,425979.1,853.0077315007175
1690,426212.2,865.7962577881702
1691,426442.6,875.0869899615691
1692,426655.9,880.8508330018195
1693,426867.4,889.0451282134105
1694,427094.2,894.2015209112548
1695,427331.8,892.1338240421103
1696,427570.3,880.4424512709502
1697,427806.1,860.081269415862
1698,428048.2,846.6680341196306
1699,428299.3,837.0343541336875
1700,428552.2,824.2919143119135
1701,428815.0,817.4160507354868
1702,429082.3,812.6411938857149
1703,429346.9,804.4907643969566
1704,429613.3,803.6405353141416
1705,429880.6,804.805342924611
1706,430147.9,804.4504894647026
1707,430416.1,803.7050391779311
1708,430685.2,804.0864132666337
1709,430954.3,804.7686064950597
1710,431223.4,805.7508547932174
1711,431492.5,806.4296311520305
1712,431759.8,807.855160285555
1713,432023.5,812.8325473306295
1714,432280.0,824.961817298231
1715,432532.9,838.2759629143617
1716,432777.7,848.5291450504222
1717,433009.9,859.7610074898718
1718,433243.0,873.741952752642
1719,433474.3,882.7210827888952
1720,433686.7,887.0964490967145
1721,433895.5,893.8930305131594
1722,434122.3,899.410757107119
1723,434360.8,899.3049315999547
1724,434601.1,888.9790717446616
1725,434836.9,868.6837111400212
1726,435079.0,855.7575591252466
1727,435330.1,845.031946141682
1728,435583.0,832.0498783125925
1729,435845.8,825.3328782982053
1730,436112.2,817.7806307317377
1731,436376.8,809.4478117828231
1732,436642.3,807.2408005050289
1733,436909.6,808.430479385828
1734,437176.9,808.1072886690226
1735,437445.1,807.3852797766382
1736,437714.2,807.7749439045506
1737,437983.3,808.4640437273633
1738,438252.4,809.4518145016414
1739,438521.5,810.137488331456
1740,438788.8,811.5864464122109
1741,439052.5,816.6105252811772
1742,439309.0,828.8311046286813
1743,439561.0,842.5942083826591
1744,439805.8,852.7498812664822
1745,440038.9,864.5899548340813
1746,440272.9,877.5526138072864
1747,440502.4,885.6219509474686
1748,440714.8,890.5071364116072
1749,440926.3,898.491686105109
1750,441153.1,903.690981475415
1751,441391.6,902.3477378483307
1752,441630.1,890.3993429916712
1753,441866.8,871.1404938355228
1754,442108.9,858.2900383902868
1755,442358.2,846.0938245844843
1756,442611.1,833.2945397637017
1757,442873.9,826.6582062739119
1758,443141.2,821.9991240871241
1759,443406.7,816.6382981467375
1760,443672.2,814.2070743981526
1761,443939.5,813.0318259453317
1762,444206.8,812.444311937748
1763,444475.0,811.7481136411714
1764,444744.1,812.1466554754752
1765,445013.2,812.8430106730326
1766,445282.3,813.8364147665058
1767,445551.4,814.5293364882566
1768,445818.7,816.0032536699837
1769,446082.4,821.0762692953679
1770,446339.8,833.030587673706
1771,446592.7,847.7651266712969
1772,446836.6,857.9431449694092
1773,447069.7,869.8913207981789
1774,447302.8,883.9887782093161
1775,447532.3,892.176949937623
1776,447746.5,897.4200521494937
1777,447956.2,904.0749747670263
1778,448183.0,909.4454354165509
1779,448420.6,907.9050831447076
1780,448660.0,895.3077683121039
1781,448896.7,874.8680529085522
1782,449138.8,862.1116865000731
1783,449388.1,850.2113795992153
1784,449641.0,837.6771454444726
1785,449903.8,831.1615727402228
1786,450171.1,826.5602155923062
1787,450436.6,820.9874785890466
1788,450702.1,815.0537344249146
1789,450968.5,812.8325473306295
1790,451235.8,812.2748057154059
1791,451504.0,811.5984228668757
1792,451773.1,812.0070135165092
1793,452042.2,812.7134550381204
1794,452311.3,813.7169716799574
1795,452580.4,814.4199408167749
1796,452847.7,815.9238383574778
1797,453111.4,821.0664041354996
1798,453367.9,833.236215007485
1799,453620.8,846.696734374239
1800,453864.7,856.8505762383539
1801,454098.7,867.2054600842873
1802,454330.9,880.0228349310031
1803,454560.4,888.6168128051596
1804,454774.6,893.2988525683892
1805,454985.2,900.996648162467
1806,455212.9,905.9826653970813
1807,455451.4,906.4050088122862
1808,455691.7,897.1745147963139
1809,455927.5,876.8767017089689
1810,456169.6,864.4986061295873
1811,456418.9,852.8937741594787
1812,456671.8,840.6192717276946
1813,456934.6,834.2198990673862
1814,457201.9,829.6706515238445
1815,457467.4,824.177917685253
1816,457732.0,818.7527099191794
1817,457998.4,816.5852313139146
1818,458265.7,816.0628100826553
1819,458533.9,815.411423761037
1820,458803.0,815.8290262058589
1821,459072.1,816.5430729606368
1822,459341.2,817.5527872865455
1823,459610.3,818.2633500285831
1824,459877.6,819.7928030911226
1825,460141.3,824.986854440724
1826,460397.8,837.2593146689974
1827,460650.7,849.1398648043796
1828,460894.6,859.2827474120494
1829,461126.8,870.582425735783
1830,461359.9,885.1073324744289
1831,461591.2,894.4822860180072
1832,461804.5,898.0516410541211
1833,462013.3,904.3683486279251
1834,462240.1,909.7477617449794
1835,462477.7,908.2828359052047
1836,462717.1,898.1706909045744
1837,462955.6,879.9514986634209
1838,463198.6,867.6877548980393
1839,463448.8,857.3065729364263
1840,463701.7,845.0089407811018
1841,463964.5,838.7280548544921
1842,464231.8,834.2354343948713
1843,464497.3,828.8267068573499
1844,464761.9,823.4970491750415
1845,465028.3,821.3854819754237
1846,465295.6,820.8986782788729
1847,465563.8,820.2728570420945
1848,465832.9,820.6988424507499
1849,466102.0,821.4195030555337
1850,466371.1,822.4340642264275
1851,466640.2,823.1512376228316
1852,466907.5,824.704037822054
1853,467171.2,829.9425040326587
1854,467427.7,842.3014365415739
1855,467679.7,855.5261012967397
1856,467923.6,865.8654860889189
1857,468155.8,877.4681532682541
1858,468389.8,892.2790819020698
1859,468622.0,900.7197122301699
1860,468834.4,904.8218830244991
1861,469045.0,911.0471996554295
1862,469270.9,917.2492518394332
1863,469509.4,915.3685815014626
1864,469747.9,903.2965127797182
1865,469985.5,884.4188770034253
1866,470228.5,871.9671725472239
1867,470477.8,860.0704389757848
1868,470731.6,850.4042803278917
1869,470994.4,843.960093843305
1870,471261.7,839.5273134329816
1871,471527.2,834.2063054185096
1872,471791.8,828.97572943965
1873,472058.2,826.9212538083659
1874,472325.5,826.4700539039512
1875,472594.6,825.7292776691404
1876,472863.7,825.8700321479157
1877,473132.8,826.5979433799722
1878,473401.9,827.6179009663823
1879,473671.0,828.3423205414534
1880,473938.3,829.9205443896416
1881,474202.0,835.207758584653
1882,474458.5,847.6619314325729
1883,474710.5,861.0300517403559
1884,474954.4,871.6275810229964
1885,475187.5,882.4934843952107
1886,475421.5,894.7081926527777
1887,475651.0,902.1125206979449
1888,475866.1,904.6943074873413
1889,476075.8,910.182597065007
1890,476301.7,916.1146816856503
1891,476541.1,916.4364626093834
1892,476780.5,904.7909979658285
1893,477018.1,885.8574320961588
1894,477260.2,872.0791019167933
1895,477509.5,860.4654263827223
1896,477762.4,848.3444111915867
1897,478025.2,841.9768167829806
1898,478292.5,837.5683554194248
1899,478558.9,833.8775629551377
1900,478823.5,828.427878574834
1901,479089.9,826.4230091182116
1902,479357.2,826.0097820244018
1903,479625.4,825.1404971276106
1904,479894.5,825.2931297423964
1905,480163.6,826.0333165193763
1906,480432.7,827.0657229023573
1907,480701.8,827.8023677182856
1908,480969.1,829.4167770186463
1909,481232.8,834.7886918256619
1910,481489.3,847.421093671853
1911,481741.3,861.0187628617626
1912,481985.2,871.939768562026
1913,482217.4,884.1115540473386
1914,482450.5,897.2395165171895
1915,482680.0,905.0259664783105
1916,482895.1,909.2133907944824
1917,483105.7,914.8937151385398
1918,483330.7,921.5978027317556
1919,483568.3,920.1728696283109
1920,483806.8,908.0174888183598
1921,484042.6,886.8558169172711
1922,484284.7,873.2370296775098
1923,484534.0,861.7470626581793
1924,484786.9,849.7348939522255
1925,485049.7,843.4162139774166
1926,485317.0,839.0297968487174
1927,485582.5,833.4967006533379
1928,485847.1,828.0679863392862
1929,486113.5,826.0779321589459
1930,486380.8,825.6763046133755
1931,486649.0,824.8145246053806
1932,486918.1,824.9711449499312
1933,487187.2,825.7155442402666
1934,487456.3,826.7522664014895
1935,487725.4,827.4931057114617
1936,487992.7,829.1198405538241
1937,488257.3,833.7959642502472
1938,488514.7,844.3760477417626
1939,488767.6,857.4615093402152
1940,489013.3,866.4953029301429
1941,489244.6,879.1318672417693
1942,489477.7,892.6307803341763
1943,489707.2,900.7808612531688
1944,489921.4,906.4050088122858
1945,490130.2,911.9429587424862
1946,490355.2,918.8889813247299
1947,490593.7,919.6974013228479
1948,490833.1,907.7154785504098
1949,491070.7,887.3885901903406
1950,491312.8,873.4804863304046
1951,491562.1,862.1882567049961
1952,491815.0,850.3452240119891
1953,492077.8,844.1002073213815
1954,492345.1,839.7434072381874
1955,492610.6,834.2587368436721
1956,492875.2,828.8877849262833
1957,493141.6,826.9349672132624
1958,493408.9,826.560215592306
1959,493677.1,825.7170156900005
1960,493946.2,825.8822918552016
1961,494215.3,826.6346895697031
1962,494484.4,827.679068238409
1963,494753.5,828.427878574834
1964,495020.8,830.0791287582163
1965,495285.4,835.0933121514029
1966,495541.9,847.0616211350864
1967,495794.8,860.2493591976693
1968,496040.5,870.0142240216536
1969,496271.8,882.3654344997884
1970,496504.9,896.1121525791293
1971,496734.4,904.5532820127297
1972,496947.7,908.9068764180412
1973,497156.5,914.8512174118806
1974,497381.5,922.0828325047593
