0,0.26666666666666666,0.442216638714052
1,0.49,0.4998999899979987
2,0.5366666666666666,0.49865374314804484
3,0.49333333333333335,0.49995555358007204
4,0.49,0.49989998999799873
5,0.49,0.49989998999799884
6,0.47333333333333333,0.49928838248940793
7,0.43666666666666665,0.4959726694979163
8,0.4666666666666667,0.4988876515698591
9,0.45666666666666667,0.4981186828680704
10,0.4666666666666667,0.4988876515698591
11,0.4633333333333333,0.4986537431480449
12,0.45666666666666667,0.49811868286807043
13,0.4666666666666667,0.4988876515698591
14,0.48,0.49959983987187273
15,0.47,0.499099188538712
16,0.47,0.499099188538712
17,0.48333333333333334,0.49972214501883105
18,0.48,0.49959983987187273
19,0.47,0.49909918853871205
20,0.4633333333333333,0.49865374314804484
21,0.4633333333333333,0.49865374314804484
22,0.47,0.499099188538712
23,0.4666666666666667,0.4988876515698592
24,0.46,0.4983974317750849
25,0.46,0.49839743177508494
26,0.45666666666666667,0.4981186828680703
27,0.45666666666666667,0.4981186828680703
28,0.45666666666666667,0.4981186828680703
29,0.46,0.49839743177508494
30,0.45666666666666667,0.4981186828680703
31,0.46,0.49839743177508494
32,0.4533333333333333,0.49781745873585215
33,0.4533333333333333,0.49781745873585215
34,0.46,0.49839743177508494
35,0.46,0.4983974317750849
36,0.4533333333333333,0.4978174587358522
37,0.45666666666666667,0.4981186828680704
38,0.4666666666666667,0.4988876515698592
39,0.4766666666666667,0.49945525881259467
40,0.48,0.49959983987187273
41,0.4866666666666667,0.49982219060604216
42,0.49,0.49989998999799884
43,0.49666666666666665,0.4999888887654293
44,0.49666666666666665,0.4999888887654293
45,0.5,0.5
46,0.48333333333333334,0.49972214501883105
47,0.49,0.49989998999799873
48,0.5,0.5
49,0.5133333333333333,0.49982219060604216
50,0.5033333333333333,0.4999888887654292
51,0.49666666666666665,0.4999888887654293
52,0.5033333333333333,0.49998888876542924
53,0.5133333333333333,0.49982219060604216
54,0.51,0.49989998999799873
55,0.5133333333333333,0.49982219060604216
56,0.5033333333333333,0.49998888876542924
57,0.49333333333333335,0.499955553580072
58,0.5033333333333333,0.49998888876542924
59,0.49666666666666665,0.4999888887654293
60,0.49,0.4998999899979988
61,0.51,0.4998999899979988
62,0.51,0.49989998999799873
63,0.51,0.49989998999799873
64,0.5,0.5
65,0.5,0.5
66,0.51,0.4998999899979988
67,0.5033333333333333,0.49998888876542924
68,0.5133333333333333,0.49982219060604216
69,0.51,0.4998999899979988
70,0.5066666666666667,0.49995555358007204
71,0.49333333333333335,0.499955553580072
72,0.5,0.5
73,0.49333333333333335,0.49995555358007193
74,0.5033333333333333,0.49998888876542924
75,0.5033333333333333,0.49998888876542924
76,0.5066666666666667,0.49995555358007204
77,0.5,0.5
78,0.5033333333333333,0.49998888876542924
79,0.5,0.5
80,0.49666666666666665,0.49998888876542924
81,0.5,0.5
82,0.51,0.4998999899979988
83,0.49666666666666665,0.49998888876542924
84,0.49,0.49989998999799873
85,0.48333333333333334,0.49972214501883105
86,0.4866666666666667,0.49982219060604216
87,0.49,0.4998999899979988
88,0.49666666666666665,0.49998888876542924
89,0.5,0.5
90,0.5,0.5
91,0.4866666666666667,0.49982219060604216
92,0.49,0.49989998999799873
93,0.4866666666666667,0.4998221906060422
94,0.4866666666666667,0.4998221906060422
95,0.49,0.49989998999799873
96,0.49,0.49989998999799873
97,0.49666666666666665,0.4999888887654293
98,0.5033333333333333,0.49998888876542924
99,0.5033333333333333,0.49998888876542924
100,0.5066666666666667,0.4999555535800719
101,0.5166666666666667,0.4997221450188326
102,0.51,0.4998999899979988
103,0.5066666666666667,0.4999555535800719
104,0.52,0.49959983987187273
105,0.5233333333333333,0.49945525881259467
106,0.5133333333333333,0.4998221906060422
107,0.5166666666666667,0.4997221450188326
108,0.52,0.49959983987187273
109,0.5033333333333333,0.49998888876542924
110,0.5066666666666667,0.499955553580072
111,0.5166666666666667,0.49972214501883255
112,0.5133333333333333,0.49982219060604216
113,0.5133333333333333,0.49982219060604216
114,0.52,0.49959983987187273
115,0.52,0.49959983987187273
116,0.5233333333333333,0.49945525881259467
117,0.5133333333333333,0.49982219060604216
118,0.5166666666666667,0.4997221450188325
119,0.52,0.49959983987187273
120,0.5266666666666666,0.4992883824894079
121,0.5233333333333333,0.49945525881259467
122,0.52,0.49959983987187273
123,0.52,0.49959983987187273
124,0.5133333333333333,0.49982219060604216
125,0.5133333333333333,0.49982219060604216
126,0.5133333333333333,0.49982219060604216
127,0.51,0.4998999899979988
128,0.5133333333333333,0.49982219060604216
129,0.5133333333333333,0.49982219060604216
130,0.5,0.5
131,0.49666666666666665,0.4999888887654293
132,0.49333333333333335,0.499955553580072
133,0.49666666666666665,0.4999888887654293
134,0.48333333333333334,0.499722145018831
135,0.48,0.4995998398718727
136,0.4866666666666667,0.49982219060604216
137,0.4866666666666667,0.49982219060604216
138,0.49,0.4998999899979987
139,0.49,0.4998999899979987
140,0.4866666666666667,0.49982219060604216
141,0.47333333333333333,0.4992883824894078
142,0.47,0.49909918853871205
143,0.4666666666666667,0.4988876515698591
144,0.47333333333333333,0.49928838248940777
145,0.47333333333333333,0.49928838248940777
146,0.47333333333333333,0.49928838248940777
147,0.47,0.4990991885387121
148,0.47333333333333333,0.49928838248940777
149,0.47333333333333333,0.49928838248940777
150,0.4766666666666667,0.4994552588125946
151,0.4766666666666667,0.4994552588125946
152,0.4766666666666667,0.4994552588125946
153,0.4766666666666667,0.4994552588125946
154,0.47333333333333333,0.49928838248940777
155,0.47333333333333333,0.4992883824894077
156,0.47333333333333333,0.4992883824894077
157,0.47333333333333333,0.4992883824894077
158,0.4766666666666667,0.4994552588125946
159,0.4766666666666667,0.4994552588125946
160,0.4766666666666667,0.4994552588125946
161,0.48,0.4995998398718725
162,0.48,0.49959983987187256
163,0.48,0.4995998398718725
164,0.48333333333333334,0.49972214501883094
165,0.4866666666666667,0.49982219060604227
166,0.49,0.4998999899979986
167,0.49,0.4998999899979986
168,0.4866666666666667,0.49982219060604227
169,0.49,0.4998999899979986
170,0.49333333333333335,0.499955553580072
171,0.4766666666666667,0.4994552588125946
172,0.47333333333333333,0.4992883824894077
173,0.47333333333333333,0.4992883824894077
174,0.48333333333333334,0.49972214501883094
175,0.49,0.4998999899979986
176,0.49,0.4998999899979986
177,0.48333333333333334,0.49972214501883094
178,0.4866666666666667,0.49982219060604216
179,0.49,0.49989998999799856
180,0.49333333333333335,0.4999555535800721
181,0.49,0.4998999899979986
182,0.49,0.4998999899979986
183,0.49333333333333335,0.4999555535800721
184,0.49333333333333335,0.49995555358007204
185,0.5,0.5
186,0.5066666666666667,0.499955553580072
187,0.5033333333333333,0.49998888876542913
188,0.5033333333333333,0.49998888876542913
189,0.5133333333333333,0.49982219060604216
190,0.5233333333333333,0.4994552588125947
191,0.52,0.49959983987187284
192,0.52,0.49959983987187284
193,0.5233333333333333,0.4994552588125947
194,0.53,0.49909918853871194
195,0.5366666666666666,0.49865374314804484
196,0.53,0.499099188538712
197,0.5366666666666666,0.49865374314804484
198,0.5366666666666666,0.49865374314804484
199,0.5433333333333333,0.4981186828680703
200,0.54,0.49839743177508494
201,0.54,0.49839743177508494
202,0.54,0.49839743177508494
203,0.54,0.49839743177508494
204,0.54,0.49839743177508494
205,0.5433333333333333,0.4981186828680703
206,0.5466666666666666,0.4978174587358522
207,0.5533333333333333,0.4971474183333907
208,0.5533333333333333,0.49714741833339077
209,0.56,0.49638694583963366
210,0.5566666666666666,0.4967785108968461
211,0.57,0.49507575177946195
212,0.57,0.49507575177946195
213,0.57,0.49507575177946195
214,0.5766666666666667,0.49408726174859263
215,0.58,0.4935585071701226
216,0.58,0.4935585071701226
217,0.58,0.4935585071701226
218,0.5733333333333334,0.4945929864264369
219,0.5733333333333334,0.49459298642643695
220,0.5666666666666667,0.4955356249106159
221,0.5633333333333334,0.4959726694979163
222,0.57,0.49507575177946195
223,0.56,0.4963869458396336
224,0.5633333333333334,0.4959726694979163
225,0.56,0.4963869458396336
226,0.56,0.49638694583963355
227,0.5633333333333334,0.49597266949791635
228,0.5633333333333334,0.49597266949791635
229,0.5633333333333334,0.49597266949791635
230,0.5633333333333334,0.49597266949791635
231,0.56,0.4963869458396336
232,0.5633333333333334,0.49597266949791635
233,0.5633333333333334,0.49597266949791635
234,0.5733333333333334,0.4945929864264369
235,0.5733333333333334,0.4945929864264369
236,0.5733333333333334,0.4945929864264369
237,0.5733333333333334,0.4945929864264369
238,0.5733333333333334,0.4945929864264369
239,0.5733333333333334,0.49459298642643684
240,0.5733333333333334,0.49459298642643684
241,0.58,0.49355850717012256
242,0.58,0.49355850717012256
243,0.58,0.49355850717012256
244,0.58,0.49355850717012256
245,0.58,0.49355850717012256
246,0.58,0.49355850717012256
247,0.58,0.49355850717012256
248,0.58,0.49355850717012256
249,0.5766666666666667,0.49408726174859263
250,0.5766666666666667,0.49408726174859263
251,0.58,0.49355850717012256
252,0.58,0.49355850717012256
253,0.5733333333333334,0.49459298642643684
254,0.57,0.49507575177946195
255,0.57,0.49507575177946195
256,0.5733333333333334,0.49459298642643684
257,0.5733333333333334,0.49459298642643684
258,0.5733333333333334,0.49459298642643684
259,0.5733333333333334,0.49459298642643684
260,0.57,0.49507575177946195
261,0.5733333333333334,0.49459298642643684
262,0.5733333333333334,0.4945929864264369
263,0.5666666666666667,0.49553562491061587
264,0.57,0.49507575177946195
265,0.5733333333333334,0.4945929864264369
266,0.57,0.49507575177946195
267,0.57,0.49507575177946195
268,0.5666666666666667,0.495535624910616
269,0.57,0.49507575177946195
270,0.5766666666666667,0.49408726174859263
271,0.5766666666666667,0.49408726174859263
272,0.5766666666666667,0.49408726174859263
273,0.5766666666666667,0.49408726174859263
274,0.5733333333333334,0.49459298642643695
275,0.57,0.49507575177946195
276,0.57,0.49507575177946195
277,0.57,0.49507575177946195
278,0.5633333333333334,0.49597266949791635
279,0.5766666666666667,0.4940872617485927
280,0.5766666666666667,0.4940872617485927
281,0.5766666666666667,0.4940872617485927
282,0.5766666666666667,0.4940872617485927
283,0.58,0.49355850717012256
284,0.5733333333333334,0.49459298642643695
285,0.57,0.49507575177946195
286,0.5733333333333334,0.49459298642643695
287,0.57,0.49507575177946195
288,0.5766666666666667,0.4940872617485927
289,0.58,0.49355850717012256
290,0.5766666666666667,0.4940872617485927
291,0.5766666666666667,0.4940872617485927
292,0.57,0.49507575177946195
293,0.5733333333333334,0.49459298642643695
294,0.5766666666666667,0.49408726174859274
295,0.5733333333333334,0.49459298642643695
296,0.58,0.4935585071701225
297,0.5733333333333334,0.49459298642643695
298,0.5733333333333334,0.49459298642643695
299,0.5766666666666667,0.4940872617485927
300,0.5833333333333334,0.4930066485916355
301,0.59,0.4918333050943182
302,0.59,0.4918333050943182
303,0.59,0.4918333050943182
304,0.58,0.49355850717012256
305,0.5833333333333334,0.4930066485916355
306,0.58,0.49355850717012256
307,0.5833333333333334,0.4930066485916355
308,0.5866666666666667,0.4924316083365161
309,0.5866666666666667,0.4924316083365161
310,0.5833333333333334,0.4930066485916355
311,0.5866666666666667,0.4924316083365161
312,0.59,0.4918333050943182
313,0.5866666666666667,0.4924316083365161
314,0.5866666666666667,0.49243160833651606
315,0.5833333333333334,0.49300664859163557
316,0.5833333333333334,0.49300664859163557
317,0.5833333333333334,0.49300664859163557
318,0.5866666666666667,0.49243160833651606
319,0.5866666666666667,0.49243160833651606
320,0.58,0.49355850717012256
321,0.5766666666666667,0.4940872617485927
322,0.5733333333333334,0.49459298642643695
323,0.5766666666666667,0.4940872617485927
324,0.5766666666666667,0.4940872617485927
325,0.5766666666666667,0.49408726174859274
326,0.5733333333333334,0.49459298642643695
327,0.57,0.49507575177946195
328,0.57,0.49507575177946195
329,0.5666666666666667,0.49553562491061603
330,0.5666666666666667,0.49553562491061603
331,0.5666666666666667,0.49553562491061603
332,0.5633333333333334,0.49597266949791635
333,0.5633333333333334,0.49597266949791635
334,0.56,0.4963869458396338
335,0.5666666666666667,0.49553562491061603
336,0.57,0.49507575177946195
337,0.57,0.49507575177946195
338,0.57,0.49507575177946195
339,0.57,0.49507575177946195
340,0.5666666666666667,0.49553562491061603
341,0.5666666666666667,0.49553562491061603
342,0.5666666666666667,0.49553562491061603
343,0.5666666666666667,0.49553562491061603
344,0.57,0.49507575177946195
345,0.5733333333333334,0.49459298642643695
346,0.5733333333333334,0.49459298642643695
347,0.57,0.49507575177946195
348,0.5666666666666667,0.495535624910616
349,0.57,0.49507575177946195
350,0.57,0.49507575177946195
351,0.57,0.49507575177946195
352,0.5666666666666667,0.49553562491061603
353,0.5633333333333334,0.4959726694979163
354,0.5633333333333334,0.4959726694979163
355,0.5633333333333334,0.4959726694979163
356,0.5633333333333334,0.4959726694979163
357,0.5633333333333334,0.4959726694979163
358,0.5666666666666667,0.495535624910616
359,0.57,0.49507575177946195
360,0.57,0.49507575177946195
361,0.57,0.49507575177946195
362,0.57,0.49507575177946195
363,0.57,0.49507575177946195
364,0.5733333333333334,0.49459298642643695
365,0.5733333333333334,0.49459298642643695
366,0.5733333333333334,0.49459298642643695
367,0.5733333333333334,0.49459298642643695
368,0.5766666666666667,0.4940872617485927
369,0.5733333333333334,0.49459298642643695
370,0.5733333333333334,0.49459298642643695
371,0.5733333333333334,0.49459298642643695
372,0.5666666666666667,0.495535624910616
373,0.5666666666666667,0.495535624910616
374,0.57,0.49507575177946195
375,0.57,0.49507575177946195
376,0.5666666666666667,0.495535624910616
377,0.5666666666666667,0.495535624910616
378,0.5633333333333334,0.49597266949791635
379,0.5633333333333334,0.49597266949791635
380,0.5633333333333334,0.49597266949791635
381,0.5633333333333334,0.49597266949791635
382,0.5566666666666666,0.4967785108968461
383,0.55,0.4974937185533102
384,0.5466666666666666,0.4978174587358522
385,0.5466666666666666,0.4978174587358522
386,0.5466666666666666,0.4978174587358522
387,0.5466666666666666,0.4978174587358522
388,0.5466666666666666,0.4978174587358522
389,0.5433333333333333,0.4981186828680703
390,0.5433333333333333,0.4981186828680703
391,0.5466666666666666,0.4978174587358522
392,0.55,0.4974937185533102
393,0.5433333333333333,0.4981186828680703
394,0.5466666666666666,0.4978174587358522
395,0.5466666666666666,0.4978174587358522
396,0.5466666666666666,0.4978174587358522
397,0.55,0.4974937185533102
398,0.55,0.4974937185533102
399,0.55,0.4974937185533102
400,0.55,0.4974937185533102
401,0.5533333333333333,0.49714741833339077
402,0.5633333333333334,0.49597266949791635
403,0.5633333333333334,0.49597266949791635
404,0.5633333333333334,0.49597266949791635
405,0.5566666666666666,0.4967785108968461
406,0.5533333333333333,0.4971474183333908
407,0.5566666666666666,0.4967785108968461
408,0.5533333333333333,0.4971474183333908
409,0.55,0.4974937185533101
410,0.5533333333333333,0.4971474183333908
411,0.55,0.4974937185533101
412,0.5466666666666666,0.49781745873585226
413,0.54,0.4983974317750848
414,0.5366666666666666,0.49865374314804495
415,0.5433333333333333,0.4981186828680704
416,0.5433333333333333,0.4981186828680704
417,0.54,0.49839743177508483
418,0.5366666666666666,0.49865374314804495
419,0.5366666666666666,0.49865374314804495
420,0.5366666666666666,0.49865374314804495
421,0.5366666666666666,0.49865374314804495
422,0.5366666666666666,0.49865374314804495
423,0.54,0.4983974317750849
424,0.54,0.4983974317750849
425,0.5433333333333333,0.4981186828680704
426,0.5433333333333333,0.4981186828680704
427,0.55,0.49749371855331015
428,0.5466666666666666,0.4978174587358522
429,0.54,0.49839743177508483
430,0.54,0.49839743177508483
431,0.54,0.49839743177508483
432,0.54,0.49839743177508483
433,0.54,0.49839743177508483
434,0.54,0.49839743177508483
435,0.54,0.49839743177508483
436,0.5433333333333333,0.49811868286807043
437,0.5333333333333333,0.4988876515698591
438,0.53,0.49909918853871205
439,0.5266666666666666,0.4992883824894078
440,0.53,0.49909918853871205
441,0.5266666666666666,0.4992883824894079
442,0.5233333333333333,0.49945525881259467
443,0.5233333333333333,0.49945525881259467
444,0.5266666666666666,0.4992883824894078
445,0.5266666666666666,0.4992883824894078
446,0.5333333333333333,0.4988876515698591
447,0.5366666666666666,0.4986537431480449
448,0.5366666666666666,0.4986537431480449
449,0.5366666666666666,0.4986537431480449
450,0.5333333333333333,0.4988876515698591
451,0.5333333333333333,0.4988876515698591
452,0.5366666666666666,0.4986537431480449
453,0.5333333333333333,0.4988876515698591
454,0.5333333333333333,0.4988876515698591
455,0.53,0.49909918853871205
456,0.53,0.49909918853871205
457,0.53,0.49909918853871205
458,0.53,0.49909918853871205
459,0.5333333333333333,0.4988876515698591
460,0.5333333333333333,0.4988876515698591
461,0.5333333333333333,0.4988876515698591
462,0.5366666666666666,0.4986537431480449
463,0.5333333333333333,0.4988876515698591
464,0.5333333333333333,0.4988876515698591
465,0.53,0.49909918853871205
466,0.53,0.49909918853871205
467,0.5266666666666666,0.4992883824894078
468,0.5266666666666666,0.4992883824894078
469,0.5266666666666666,0.4992883824894078
470,0.53,0.49909918853871205
471,0.5266666666666666,0.4992883824894078
472,0.5266666666666666,0.4992883824894078
473,0.5233333333333333,0.49945525881259467
474,0.5233333333333333,0.49945525881259467
475,0.5233333333333333,0.49945525881259467
476,0.5233333333333333,0.49945525881259467
477,0.5233333333333333,0.49945525881259467
478,0.53,0.49909918853871205
479,0.52,0.4995998398718726
480,0.5133333333333333,0.4998221906060422
481,0.5166666666666667,0.49972214501883244
482,0.5133333333333333,0.4998221906060422
483,0.5033333333333333,0.4999888887654293
484,0.5033333333333333,0.4999888887654293
485,0.5066666666666667,0.499955553580072
486,0.5033333333333333,0.4999888887654293
487,0.49666666666666665,0.4999888887654292
488,0.49666666666666665,0.4999888887654292
489,0.49666666666666665,0.4999888887654292
490,0.49666666666666665,0.4999888887654292
491,0.49666666666666665,0.4999888887654292
492,0.5,0.5
493,0.5033333333333333,0.4999888887654293
494,0.5033333333333333,0.4999888887654293
495,0.5066666666666667,0.499955553580072
496,0.51,0.4998999899979987
497,0.51,0.4998999899979987
498,0.51,0.4998999899979987
499,0.5166666666666667,0.4997221450188325
500,0.52,0.4995998398718727
501,0.52,0.4995998398718727
502,0.51,0.4998999899979987
503,0.5133333333333333,0.4998221906060422
504,0.5133333333333333,0.4998221906060422
505,0.5133333333333333,0.4998221906060422
506,0.5133333333333333,0.4998221906060422
507,0.5133333333333333,0.4998221906060422
508,0.5166666666666667,0.4997221450188325
509,0.5166666666666667,0.4997221450188325
510,0.5133333333333333,0.4998221906060422
511,0.52,0.4995998398718727
512,0.5133333333333333,0.4998221906060422
513,0.5133333333333333,0.4998221906060422
514,0.51,0.4998999899979987
515,0.51,0.4998999899979987
516,0.51,0.4998999899979987
517,0.5066666666666667,0.499955553580072
518,0.51,0.4998999899979987
519,0.51,0.4998999899979987
520,0.51,0.4998999899979987
521,0.5133333333333333,0.4998221906060422
522,0.5133333333333333,0.4998221906060422
523,0.5133333333333333,0.4998221906060422
524,0.5133333333333333,0.4998221906060422
525,0.5166666666666667,0.4997221450188325
526,0.5166666666666667,0.4997221450188325
527,0.5133333333333333,0.4998221906060422
528,0.5133333333333333,0.4998221906060422
529,0.51,0.4998999899979987
530,0.51,0.4998999899979987
531,0.51,0.4998999899979987
532,0.5066666666666667,0.49995555358007193
533,0.51,0.4998999899979987
534,0.51,0.4998999899979987
535,0.51,0.4998999899979987
536,0.5133333333333333,0.4998221906060422
537,0.5133333333333333,0.4998221906060422
538,0.5133333333333333,0.49982219060604227
539,0.5133333333333333,0.49982219060604227
540,0.5133333333333333,0.49982219060604227
541,0.5166666666666667,0.49972214501883255
542,0.5166666666666667,0.49972214501883255
543,0.52,0.4995998398718726
544,0.52,0.4995998398718726
545,0.5166666666666667,0.4997221450188325
546,0.5166666666666667,0.4997221450188325
547,0.5133333333333333,0.4998221906060422
548,0.5133333333333333,0.4998221906060422
549,0.5133333333333333,0.4998221906060422
550,0.5133333333333333,0.4998221906060422
551,0.5133333333333333,0.4998221906060422
552,0.5133333333333333,0.4998221906060422
553,0.51,0.4998999899979987
554,0.51,0.4998999899979987
555,0.51,0.4998999899979987
556,0.5166666666666667,0.4997221450188325
557,0.5166666666666667,0.4997221450188325
558,0.5233333333333333,0.49945525881259467
559,0.5233333333333333,0.49945525881259467
560,0.52,0.4995998398718726
561,0.5166666666666667,0.49972214501883244
562,0.5133333333333333,0.4998221906060422
563,0.5133333333333333,0.4998221906060422
564,0.5133333333333333,0.4998221906060422
565,0.5133333333333333,0.4998221906060422
566,0.5133333333333333,0.4998221906060422
567,0.5166666666666667,0.49972214501883244
568,0.5166666666666667,0.49972214501883244
569,0.5133333333333333,0.4998221906060422
570,0.5133333333333333,0.4998221906060422
571,0.5133333333333333,0.4998221906060422
572,0.5133333333333333,0.4998221906060422
573,0.5133333333333333,0.49982219060604216
574,0.5133333333333333,0.49982219060604216
575,0.52,0.4995998398718727
576,0.52,0.4995998398718727
577,0.52,0.4995998398718727
578,0.52,0.4995998398718727
579,0.5166666666666667,0.4997221450188325
580,0.5166666666666667,0.4997221450188325
581,0.5166666666666667,0.4997221450188325
582,0.5166666666666667,0.4997221450188325
583,0.52,0.4995998398718727
584,0.52,0.4995998398718727
585,0.5233333333333333,0.49945525881259467
586,0.5233333333333333,0.49945525881259467
587,0.5233333333333333,0.49945525881259467
588,0.5233333333333333,0.49945525881259467
589,0.5233333333333333,0.49945525881259467
590,0.5166666666666667,0.49972214501883244
591,0.5133333333333333,0.49982219060604216
592,0.5166666666666667,0.49972214501883244
593,0.5166666666666667,0.49972214501883244
594,0.5166666666666667,0.49972214501883244
595,0.5133333333333333,0.49982219060604216
596,0.5133333333333333,0.49982219060604216
597,0.5133333333333333,0.49982219060604216
598,0.5133333333333333,0.49982219060604216
599,0.5133333333333333,0.49982219060604216
600,0.51,0.4998999899979987
601,0.51,0.4998999899979987
602,0.5066666666666667,0.4999555535800721
603,0.5033333333333333,0.4999888887654293
604,0.5033333333333333,0.4999888887654293
605,0.5033333333333333,0.4999888887654293
606,0.5066666666666667,0.49995555358007204
607,0.5066666666666667,0.49995555358007204
608,0.51,0.4998999899979987
609,0.51,0.4998999899979987
610,0.5133333333333333,0.4998221906060422
611,0.51,0.4998999899979987
612,0.51,0.4998999899979987
613,0.51,0.4998999899979987
614,0.51,0.4998999899979987
615,0.5033333333333333,0.4999888887654293
616,0.5033333333333333,0.4999888887654293
617,0.5033333333333333,0.4999888887654293
618,0.5,0.5
619,0.49666666666666665,0.4999888887654292
620,0.49666666666666665,0.4999888887654292
621,0.49666666666666665,0.4999888887654292
622,0.49666666666666665,0.4999888887654292
623,0.5,0.5
624,0.5,0.5
625,0.5,0.5
626,0.49666666666666665,0.4999888887654292
627,0.49666666666666665,0.4999888887654292
628,0.5,0.5
629,0.5,0.5
630,0.5,0.5
631,0.5,0.5
632,0.5,0.5
633,0.5,0.5
634,0.5,0.5
635,0.5033333333333333,0.4999888887654293
636,0.5033333333333333,0.4999888887654293
637,0.5033333333333333,0.4999888887654293
638,0.5033333333333333,0.4999888887654293
639,0.5033333333333333,0.4999888887654293
640,0.5033333333333333,0.4999888887654293
641,0.5066666666666667,0.49995555358007204
642,0.5066666666666667,0.49995555358007204
643,0.5033333333333333,0.4999888887654293
644,0.51,0.4998999899979987
645,0.51,0.4998999899979987
646,0.5133333333333333,0.4998221906060422
647,0.51,0.4998999899979987
648,0.5133333333333333,0.4998221906060422
649,0.5133333333333333,0.4998221906060422
650,0.5133333333333333,0.4998221906060422
651,0.5166666666666667,0.4997221450188325
652,0.52,0.4995998398718726
653,0.5233333333333333,0.49945525881259467
654,0.5266666666666666,0.4992883824894078
655,0.5266666666666666,0.4992883824894078
656,0.5266666666666666,0.4992883824894078
657,0.5266666666666666,0.4992883824894078
658,0.5266666666666666,0.4992883824894078
659,0.5266666666666666,0.4992883824894078
660,0.5266666666666666,0.4992883824894078
661,0.5266666666666666,0.4992883824894078
662,0.5233333333333333,0.49945525881259467
663,0.52,0.4995998398718726
664,0.52,0.4995998398718726
665,0.5233333333333333,0.4994552588125946
666,0.5233333333333333,0.4994552588125946
667,0.52,0.4995998398718726
668,0.52,0.4995998398718726
669,0.5233333333333333,0.49945525881259467
670,0.5233333333333333,0.49945525881259467
671,0.5266666666666666,0.49928838248940777
672,0.5233333333333333,0.49945525881259467
673,0.52,0.49959983987187256
674,0.52,0.49959983987187256
675,0.52,0.49959983987187256
676,0.52,0.49959983987187256
677,0.5166666666666667,0.49972214501883244
678,0.5166666666666667,0.49972214501883244
679,0.52,0.4995998398718726
680,0.5233333333333333,0.49945525881259467
681,0.5233333333333333,0.49945525881259467
682,0.52,0.49959983987187256
683,0.52,0.49959983987187256
684,0.52,0.49959983987187256
685,0.51,0.4998999899979987
686,0.5066666666666667,0.49995555358007204
687,0.5033333333333333,0.49998888876542935
688,0.5033333333333333,0.49998888876542935
689,0.5033333333333333,0.49998888876542935
690,0.5033333333333333,0.49998888876542935
691,0.5033333333333333,0.49998888876542935
692,0.5033333333333333,0.49998888876542935
693,0.5033333333333333,0.49998888876542935
694,0.5133333333333333,0.4998221906060422
695,0.5166666666666667,0.49972214501883244
696,0.51,0.4998999899979987
697,0.51,0.4998999899979987
698,0.5066666666666667,0.49995555358007204
699,0.51,0.4998999899979987
700,0.5133333333333333,0.49982219060604227
701,0.5133333333333333,0.49982219060604227
702,0.5133333333333333,0.49982219060604227
703,0.5166666666666667,0.49972214501883244
704,0.5166666666666667,0.49972214501883244
705,0.5166666666666667,0.49972214501883244
706,0.5166666666666667,0.49972214501883244
707,0.5166666666666667,0.49972214501883244
708,0.5166666666666667,0.49972214501883244
709,0.5166666666666667,0.49972214501883244
710,0.5166666666666667,0.49972214501883244
711,0.5166666666666667,0.49972214501883244
712,0.52,0.4995998398718725
713,0.52,0.4995998398718725
714,0.5266666666666666,0.49928838248940777
715,0.52,0.49959983987187256
716,0.5166666666666667,0.49972214501883255
717,0.5166666666666667,0.49972214501883255
718,0.5133333333333333,0.4998221906060423
719,0.5133333333333333,0.4998221906060423
720,0.51,0.4998999899979987
721,0.5066666666666667,0.499955553580072
722,0.5066666666666667,0.499955553580072
723,0.5066666666666667,0.499955553580072
724,0.5066666666666667,0.499955553580072
725,0.5033333333333333,0.4999888887654294
726,0.5,0.5
727,0.5033333333333333,0.4999888887654294
728,0.5033333333333333,0.4999888887654294
729,0.5,0.5
730,0.5,0.5
731,0.5,0.5
732,0.49666666666666665,0.4999888887654291
733,0.49,0.49989998999799884
734,0.49333333333333335,0.4999555535800721
735,0.49,0.49989998999799884
736,0.49,0.49989998999799884
737,0.49333333333333335,0.4999555535800721
738,0.49333333333333335,0.4999555535800721
739,0.49333333333333335,0.4999555535800721
740,0.49333333333333335,0.4999555535800721
741,0.49333333333333335,0.4999555535800721
742,0.49333333333333335,0.4999555535800721
743,0.49666666666666665,0.4999888887654291
744,0.5,0.5
745,0.5,0.5
746,0.5,0.5
747,0.5,0.5
748,0.5,0.5
749,0.5,0.5
750,0.49666666666666665,0.4999888887654291
751,0.49666666666666665,0.4999888887654291
752,0.49333333333333335,0.4999555535800721
753,0.49333333333333335,0.4999555535800721
754,0.4866666666666667,0.49982219060604205
755,0.48333333333333334,0.4997221450188311
756,0.48333333333333334,0.4997221450188311
757,0.48333333333333334,0.4997221450188311
758,0.48333333333333334,0.4997221450188311
759,0.48333333333333334,0.4997221450188311
760,0.4866666666666667,0.49982219060604205
761,0.4866666666666667,0.49982219060604205
762,0.4866666666666667,0.49982219060604205
763,0.4866666666666667,0.49982219060604205
764,0.49,0.4998999899979988
765,0.49333333333333335,0.4999555535800721
766,0.49333333333333335,0.4999555535800721
767,0.49333333333333335,0.4999555535800721
768,0.49333333333333335,0.4999555535800721
769,0.5,0.5
770,0.5,0.5
771,0.49666666666666665,0.49998888876542913
772,0.5,0.5
773,0.5,0.5
774,0.5033333333333333,0.49998888876542935
775,0.5033333333333333,0.49998888876542935
776,0.5033333333333333,0.49998888876542935
777,0.5033333333333333,0.49998888876542935
778,0.5,0.5
779,0.5,0.5
780,0.5,0.5
781,0.5,0.5
782,0.5033333333333333,0.49998888876542935
783,0.5,0.5
784,0.5,0.5
785,0.5,0.5
786,0.5,0.5
787,0.5033333333333333,0.49998888876542935
788,0.5,0.5
789,0.5,0.5
790,0.5,0.5
791,0.5066666666666667,0.49995555358007193
792,0.5066666666666667,0.49995555358007193
793,0.5066666666666667,0.49995555358007193
794,0.51,0.49989998999799873
795,0.51,0.49989998999799873
796,0.51,0.49989998999799873
797,0.5133333333333333,0.4998221906060423
798,0.51,0.49989998999799873
799,0.5133333333333333,0.4998221906060423
800,0.5133333333333333,0.4998221906060423
801,0.5133333333333333,0.4998221906060423
802,0.5133333333333333,0.4998221906060423
803,0.5133333333333333,0.4998221906060423
804,0.5133333333333333,0.4998221906060423
805,0.5166666666666667,0.49972214501883255
806,0.5166666666666667,0.49972214501883255
807,0.5166666666666667,0.49972214501883255
808,0.52,0.49959983987187256
809,0.52,0.49959983987187256
810,0.52,0.49959983987187256
811,0.52,0.49959983987187256
812,0.5233333333333333,0.49945525881259467
813,0.5266666666666666,0.4992883824894079
814,0.5266666666666666,0.4992883824894079
815,0.5233333333333333,0.49945525881259467
816,0.5233333333333333,0.49945525881259467
817,0.5166666666666667,0.4997221450188326
818,0.5166666666666667,0.4997221450188326
819,0.5166666666666667,0.4997221450188326
820,0.5166666666666667,0.4997221450188326
821,0.5166666666666667,0.4997221450188326
822,0.5166666666666667,0.4997221450188326
823,0.5166666666666667,0.4997221450188326
824,0.5166666666666667,0.4997221450188326
825,0.5166666666666667,0.4997221450188326
826,0.5166666666666667,0.4997221450188326
827,0.5133333333333333,0.49982219060604227
828,0.5133333333333333,0.49982219060604227
829,0.51,0.49989998999799873
830,0.51,0.49989998999799873
831,0.51,0.49989998999799873
832,0.5133333333333333,0.49982219060604227
833,0.51,0.49989998999799873
834,0.51,0.49989998999799873
835,0.5133333333333333,0.49982219060604227
836,0.5133333333333333,0.49982219060604227
837,0.5133333333333333,0.49982219060604227
838,0.5133333333333333,0.49982219060604227
839,0.51,0.49989998999799873
840,0.51,0.49989998999799873
841,0.51,0.49989998999799873
842,0.51,0.49989998999799873
843,0.51,0.49989998999799873
844,0.51,0.49989998999799873
845,0.51,0.49989998999799873
846,0.51,0.49989998999799873
847,0.51,0.49989998999799873
848,0.5133333333333333,0.49982219060604227
849,0.5133333333333333,0.49982219060604227
850,0.5133333333333333,0.49982219060604227
851,0.51,0.49989998999799873
852,0.51,0.49989998999799873
853,0.51,0.49989998999799873
854,0.51,0.49989998999799873
855,0.51,0.49989998999799873
856,0.5066666666666667,0.49995555358007193
857,0.5066666666666667,0.49995555358007193
858,0.5,0.5
859,0.5,0.5
860,0.5,0.5
861,0.49666666666666665,0.4999888887654292
862,0.49666666666666665,0.4999888887654292
863,0.49333333333333335,0.49995555358007204
864,0.49333333333333335,0.49995555358007204
865,0.5,0.5
866,0.49666666666666665,0.4999888887654292
867,0.49666666666666665,0.4999888887654292
868,0.49333333333333335,0.49995555358007204
869,0.49,0.49989998999799873
870,0.49,0.49989998999799873
871,0.49,0.49989998999799873
872,0.49333333333333335,0.49995555358007204
873,0.49333333333333335,0.49995555358007204
874,0.49333333333333335,0.4999555535800721
875,0.49333333333333335,0.4999555535800721
876,0.49333333333333335,0.4999555535800721
877,0.49333333333333335,0.4999555535800721
878,0.49333333333333335,0.4999555535800721
879,0.49,0.49989998999799873
880,0.49,0.49989998999799873
881,0.49333333333333335,0.4999555535800721
882,0.49333333333333335,0.4999555535800721
883,0.49333333333333335,0.4999555535800721
884,0.49333333333333335,0.4999555535800721
885,0.49,0.49989998999799873
886,0.49,0.49989998999799873
887,0.49,0.49989998999799873
888,0.49,0.49989998999799873
889,0.49,0.49989998999799873
890,0.49333333333333335,0.4999555535800721
891,0.49333333333333335,0.4999555535800721
892,0.49333333333333335,0.4999555535800721
893,0.49333333333333335,0.4999555535800721
894,0.49333333333333335,0.4999555535800721
895,0.49,0.49989998999799873
896,0.49,0.49989998999799873
897,0.49,0.49989998999799873
898,0.49,0.49989998999799873
899,0.49,0.49989998999799873
900,0.4866666666666667,0.49982219060604205
901,0.4866666666666667,0.49982219060604205
902,0.4866666666666667,0.49982219060604205
903,0.4866666666666667,0.49982219060604205
904,0.4866666666666667,0.49982219060604205
905,0.49,0.49989998999799873
906,0.49,0.49989998999799873
907,0.49,0.49989998999799873
908,0.49333333333333335,0.4999555535800721
909,0.49,0.49989998999799873
910,0.49,0.49989998999799873
911,0.49,0.49989998999799873
912,0.49,0.49989998999799873
913,0.49333333333333335,0.4999555535800721
914,0.49666666666666665,0.49998888876542924
915,0.49666666666666665,0.49998888876542924
916,0.5,0.5
917,0.5,0.5
918,0.49666666666666665,0.4999888887654292
919,0.49666666666666665,0.4999888887654292
920,0.5,0.5
921,0.5033333333333333,0.4999888887654293
922,0.5033333333333333,0.4999888887654293
923,0.5066666666666667,0.49995555358007193
924,0.51,0.4998999899979988
925,0.5066666666666667,0.49995555358007193
926,0.5066666666666667,0.49995555358007193
927,0.5066666666666667,0.49995555358007193
928,0.5066666666666667,0.49995555358007193
929,0.5033333333333333,0.4999888887654293
930,0.5,0.5
931,0.49666666666666665,0.4999888887654292
932,0.5,0.5
933,0.5,0.5
934,0.5033333333333333,0.4999888887654293
935,0.5033333333333333,0.4999888887654293
936,0.5066666666666667,0.499955553580072
937,0.51,0.4998999899979988
938,0.5133333333333333,0.4998221906060422
939,0.5133333333333333,0.4998221906060422
940,0.5133333333333333,0.4998221906060422
941,0.5133333333333333,0.4998221906060422
942,0.5166666666666667,0.49972214501883255
943,0.5166666666666667,0.49972214501883255
944,0.5166666666666667,0.49972214501883255
945,0.5166666666666667,0.49972214501883255
946,0.5133333333333333,0.4998221906060422
947,0.51,0.4998999899979988
948,0.51,0.4998999899979988
949,0.51,0.4998999899979988
950,0.51,0.4998999899979988
951,0.5066666666666667,0.49995555358007204
952,0.5066666666666667,0.49995555358007204
953,0.5133333333333333,0.4998221906060422
954,0.5133333333333333,0.4998221906060422
955,0.5133333333333333,0.4998221906060422
956,0.51,0.49989998999799884
957,0.5133333333333333,0.4998221906060422
958,0.5133333333333333,0.4998221906060422
959,0.51,0.4998999899979988
960,0.51,0.4998999899979988
961,0.5066666666666667,0.49995555358007204
962,0.51,0.4998999899979988
963,0.5133333333333333,0.49982219060604216
964,0.5133333333333333,0.49982219060604216
965,0.5166666666666667,0.49972214501883255
966,0.52,0.49959983987187273
967,0.52,0.49959983987187273
968,0.52,0.49959983987187273
969,0.5233333333333333,0.49945525881259467
970,0.5233333333333333,0.49945525881259467
971,0.5233333333333333,0.49945525881259467
972,0.52,0.49959983987187273
973,0.52,0.49959983987187273
974,0.5233333333333333,0.49945525881259467
975,0.5266666666666666,0.49928838248940793
976,0.5266666666666666,0.49928838248940793
977,0.5266666666666666,0.49928838248940793
978,0.5266666666666666,0.49928838248940793
979,0.5333333333333333,0.4988876515698592
980,0.5333333333333333,0.4988876515698592
981,0.5366666666666666,0.49865374314804484
982,0.5333333333333333,0.4988876515698592
983,0.5333333333333333,0.4988876515698592
984,0.5333333333333333,0.4988876515698592
985,0.53,0.499099188538712
986,0.53,0.499099188538712
987,0.53,0.499099188538712
988,0.53,0.499099188538712
989,0.5333333333333333,0.4988876515698592
990,0.5333333333333333,0.4988876515698592
991,0.5366666666666666,0.49865374314804484
992,0.5366666666666666,0.49865374314804484
993,0.54,0.49839743177508494
994,0.5333333333333333,0.49888765156985926
995,0.5333333333333333,0.49888765156985926
996,0.53,0.499099188538712
997,0.53,0.499099188538712
998,0.5333333333333333,0.49888765156985926
999,0.53,0.499099188538712
1000,0.53,0.499099188538712
1001,0.53,0.499099188538712
1002,0.53,0.499099188538712
1003,0.53,0.499099188538712
1004,0.53,0.499099188538712
1005,0.5266666666666666,0.49928838248940793
1006,0.5266666666666666,0.49928838248940793
1007,0.5266666666666666,0.49928838248940793
1008,0.5266666666666666,0.49928838248940793
1009,0.5266666666666666,0.49928838248940793
1010,0.5266666666666666,0.49928838248940793
1011,0.5233333333333333,0.49945525881259467
1012,0.5233333333333333,0.49945525881259467
1013,0.5266666666666666,0.49928838248940793
1014,0.5266666666666666,0.49928838248940793
1015,0.5266666666666666,0.49928838248940793
1016,0.5266666666666666,0.49928838248940793
1017,0.5266666666666666,0.49928838248940793
1018,0.52,0.49959983987187273
1019,0.52,0.49959983987187273
1020,0.5166666666666667,0.4997221450188326
1021,0.5166666666666667,0.4997221450188326
1022,0.5166666666666667,0.4997221450188326
1023,0.5166666666666667,0.4997221450188326
1024,0.5166666666666667,0.4997221450188326
1025,0.5166666666666667,0.4997221450188326
1026,0.5166666666666667,0.4997221450188326
1027,0.5133333333333333,0.49982219060604216
1028,0.5133333333333333,0.49982219060604216
1029,0.5133333333333333,0.49982219060604216
1030,0.5133333333333333,0.49982219060604216
1031,0.5133333333333333,0.49982219060604216
1032,0.5133333333333333,0.49982219060604216
1033,0.5166666666666667,0.4997221450188326
1034,0.5166666666666667,0.4997221450188326
1035,0.5166666666666667,0.4997221450188326
1036,0.5166666666666667,0.4997221450188326
1037,0.5133333333333333,0.49982219060604216
1038,0.5133333333333333,0.49982219060604216
1039,0.5133333333333333,0.49982219060604216
1040,0.5133333333333333,0.49982219060604216
1041,0.5133333333333333,0.49982219060604216
1042,0.5133333333333333,0.49982219060604216
1043,0.5133333333333333,0.49982219060604216
1044,0.5133333333333333,0.49982219060604216
1045,0.5133333333333333,0.49982219060604216
1046,0.5133333333333333,0.49982219060604216
1047,0.5133333333333333,0.49982219060604216
1048,0.5133333333333333,0.49982219060604216
1049,0.5133333333333333,0.49982219060604216
1050,0.5133333333333333,0.49982219060604216
1051,0.5133333333333333,0.49982219060604216
1052,0.5133333333333333,0.49982219060604216
1053,0.5133333333333333,0.49982219060604216
1054,0.51,0.49989998999799884
1055,0.51,0.49989998999799884
1056,0.51,0.49989998999799884
1057,0.51,0.49989998999799884
1058,0.5133333333333333,0.49982219060604216
1059,0.52,0.49959983987187273
1060,0.5166666666666667,0.4997221450188326
1061,0.5166666666666667,0.4997221450188326
1062,0.5133333333333333,0.49982219060604216
1063,0.5133333333333333,0.49982219060604216
1064,0.5133333333333333,0.49982219060604216
1065,0.51,0.49989998999799884
1066,0.5133333333333333,0.49982219060604216
1067,0.5166666666666667,0.4997221450188326
1068,0.5166666666666667,0.4997221450188326
1069,0.5166666666666667,0.4997221450188326
1070,0.5166666666666667,0.4997221450188326
1071,0.5166666666666667,0.4997221450188326
1072,0.5166666666666667,0.4997221450188326
1073,0.5166666666666667,0.4997221450188326
1074,0.5166666666666667,0.4997221450188326
1075,0.5133333333333333,0.49982219060604216
1076,0.5133333333333333,0.49982219060604216
1077,0.5133333333333333,0.49982219060604216
1078,0.5133333333333333,0.49982219060604216
1079,0.51,0.49989998999799884
1080,0.5066666666666667,0.49995555358007204
1081,0.5066666666666667,0.49995555358007204
1082,0.5033333333333333,0.4999888887654292
1083,0.5033333333333333,0.4999888887654292
1084,0.5033333333333333,0.4999888887654292
1085,0.5033333333333333,0.4999888887654292
1086,0.5033333333333333,0.4999888887654292
1087,0.5033333333333333,0.4999888887654292
1088,0.5033333333333333,0.4999888887654292
1089,0.5033333333333333,0.4999888887654292
1090,0.5033333333333333,0.4999888887654292
1091,0.5033333333333333,0.4999888887654292
1092,0.5033333333333333,0.4999888887654292
1093,0.5033333333333333,0.4999888887654292
1094,0.5033333333333333,0.4999888887654292
1095,0.49666666666666665,0.4999888887654293
1096,0.49666666666666665,0.4999888887654293
1097,0.49666666666666665,0.4999888887654293
1098,0.49666666666666665,0.4999888887654293
1099,0.49666666666666665,0.4999888887654293
1100,0.49666666666666665,0.4999888887654293
1101,0.49666666666666665,0.4999888887654293
1102,0.49666666666666665,0.4999888887654293
1103,0.49666666666666665,0.4999888887654293
1104,0.49666666666666665,0.4999888887654293
1105,0.49666666666666665,0.4999888887654293
1106,0.49666666666666665,0.4999888887654293
1107,0.49333333333333335,0.49995555358007204
1108,0.49333333333333335,0.49995555358007204
1109,0.49333333333333335,0.49995555358007204
1110,0.49333333333333335,0.49995555358007204
1111,0.49333333333333335,0.49995555358007204
1112,0.49,0.4998999899979987
1113,0.49,0.4998999899979987
1114,0.49,0.4998999899979987
1115,0.49,0.4998999899979987
1116,0.4866666666666667,0.49982219060604216
1117,0.4866666666666667,0.49982219060604216
1118,0.4866666666666667,0.49982219060604216
1119,0.48333333333333334,0.499722145018831
1120,0.48333333333333334,0.499722145018831
1121,0.48,0.4995998398718726
1122,0.48333333333333334,0.499722145018831
1123,0.4866666666666667,0.49982219060604216
1124,0.4866666666666667,0.49982219060604216
1125,0.4866666666666667,0.49982219060604216
1126,0.4866666666666667,0.49982219060604216
1127,0.49,0.4998999899979987
1128,0.49,0.4998999899979987
1129,0.49333333333333335,0.4999555535800721
1130,0.49666666666666665,0.4999888887654293
1131,0.49666666666666665,0.4999888887654293
1132,0.49333333333333335,0.4999555535800721
1133,0.49333333333333335,0.4999555535800721
1134,0.49333333333333335,0.4999555535800721
1135,0.49333333333333335,0.4999555535800721
1136,0.49333333333333335,0.4999555535800721
1137,0.49333333333333335,0.4999555535800721
1138,0.49666666666666665,0.4999888887654293
1139,0.49666666666666665,0.4999888887654293
1140,0.49666666666666665,0.4999888887654293
1141,0.49666666666666665,0.4999888887654293
1142,0.49666666666666665,0.4999888887654293
1143,0.49666666666666665,0.4999888887654293
1144,0.49666666666666665,0.4999888887654293
1145,0.49666666666666665,0.4999888887654293
1146,0.49666666666666665,0.4999888887654293
1147,0.49666666666666665,0.4999888887654293
1148,0.49666666666666665,0.4999888887654293
1149,0.49666666666666665,0.4999888887654293
1150,0.49666666666666665,0.4999888887654293
1151,0.49666666666666665,0.4999888887654293
1152,0.49333333333333335,0.4999555535800721
1153,0.49,0.4998999899979987
1154,0.49,0.4998999899979987
1155,0.49,0.4998999899979987
1156,0.49,0.4998999899979987
1157,0.49,0.4998999899979987
1158,0.49,0.4998999899979987
1159,0.49,0.4998999899979987
1160,0.49,0.4998999899979987
1161,0.49,0.4998999899979987
1162,0.49,0.4998999899979987
1163,0.4866666666666667,0.49982219060604216
1164,0.4866666666666667,0.49982219060604216
1165,0.4866666666666667,0.49982219060604216
1166,0.4866666666666667,0.49982219060604216
1167,0.4866666666666667,0.49982219060604216
1168,0.4866666666666667,0.49982219060604216
1169,0.4866666666666667,0.49982219060604216
1170,0.4866666666666667,0.49982219060604216
1171,0.4866666666666667,0.49982219060604216
1172,0.4866666666666667,0.49982219060604216
1173,0.4866666666666667,0.49982219060604216
1174,0.4866666666666667,0.49982219060604216
1175,0.4866666666666667,0.49982219060604216
1176,0.4866666666666667,0.49982219060604216
1177,0.4866666666666667,0.49982219060604216
1178,0.49333333333333335,0.4999555535800721
1179,0.49333333333333335,0.4999555535800721
1180,0.49333333333333335,0.4999555535800721
1181,0.49666666666666665,0.4999888887654293
1182,0.49666666666666665,0.4999888887654293
1183,0.49666666666666665,0.4999888887654293
1184,0.5,0.5
1185,0.5,0.5
1186,0.5,0.5
1187,0.49666666666666665,0.4999888887654293
1188,0.5033333333333333,0.49998888876542924
1189,0.5033333333333333,0.49998888876542924
1190,0.5033333333333333,0.49998888876542924
1191,0.5033333333333333,0.49998888876542924
1192,0.5033333333333333,0.49998888876542924
1193,0.5033333333333333,0.49998888876542924
1194,0.5033333333333333,0.49998888876542924
1195,0.5,0.5
1196,0.5,0.5
1197,0.5,0.5
1198,0.5,0.5
1199,0.5033333333333333,0.49998888876542924
1200,0.5033333333333333,0.49998888876542924
1201,0.51,0.49989998999799884
1202,0.51,0.49989998999799884
1203,0.51,0.49989998999799884
1204,0.5066666666666667,0.49995555358007193
1205,0.5066666666666667,0.49995555358007193
1206,0.5066666666666667,0.49995555358007193
1207,0.5066666666666667,0.49995555358007193
1208,0.5066666666666667,0.49995555358007193
1209,0.5066666666666667,0.49995555358007193
1210,0.5066666666666667,0.49995555358007193
1211,0.5066666666666667,0.49995555358007193
1212,0.5066666666666667,0.49995555358007193
1213,0.51,0.49989998999799884
1214,0.51,0.49989998999799884
1215,0.51,0.49989998999799884
1216,0.51,0.49989998999799884
1217,0.51,0.49989998999799884
1218,0.51,0.49989998999799884
1219,0.51,0.49989998999799884
1220,0.51,0.49989998999799884
1221,0.51,0.49989998999799884
1222,0.51,0.49989998999799884
1223,0.51,0.49989998999799884
1224,0.5133333333333333,0.49982219060604216
1225,0.5133333333333333,0.49982219060604216
1226,0.5133333333333333,0.49982219060604216
1227,0.5133333333333333,0.49982219060604216
1228,0.51,0.49989998999799884
1229,0.51,0.49989998999799884
1230,0.51,0.49989998999799884
1231,0.51,0.4998999899979989
1232,0.51,0.4998999899979989
1233,0.5133333333333333,0.49982219060604216
1234,0.5166666666666667,0.4997221450188326
1235,0.5166666666666667,0.4997221450188326
1236,0.5133333333333333,0.49982219060604216
1237,0.5133333333333333,0.49982219060604216
1238,0.5166666666666667,0.4997221450188326
1239,0.5166666666666667,0.4997221450188326
1240,0.52,0.49959983987187273
1241,0.5133333333333333,0.49982219060604216
1242,0.5133333333333333,0.49982219060604216
1243,0.51,0.49989998999799884
1244,0.51,0.49989998999799884
1245,0.51,0.49989998999799884
1246,0.5066666666666667,0.4999555535800721
1247,0.5,0.5
1248,0.5,0.5
1249,0.5,0.5
1250,0.5,0.5
1251,0.5,0.5
1252,0.5,0.5
1253,0.5,0.5
1254,0.49666666666666665,0.49998888876542924
1255,0.5,0.5
1256,0.5033333333333333,0.4999888887654293
1257,0.5066666666666667,0.4999555535800721
1258,0.5066666666666667,0.4999555535800721
1259,0.5066666666666667,0.4999555535800721
1260,0.5066666666666667,0.4999555535800721
1261,0.5066666666666667,0.4999555535800721
1262,0.5066666666666667,0.4999555535800721
1263,0.5066666666666667,0.4999555535800721
1264,0.5066666666666667,0.4999555535800721
1265,0.51,0.4998999899979988
1266,0.51,0.4998999899979988
1267,0.51,0.4998999899979988
1268,0.51,0.4998999899979988
1269,0.51,0.4998999899979988
1270,0.51,0.4998999899979988
1271,0.51,0.4998999899979988
1272,0.51,0.4998999899979988
1273,0.51,0.4998999899979988
1274,0.51,0.4998999899979988
1275,0.51,0.4998999899979988
1276,0.51,0.4998999899979988
1277,0.51,0.4998999899979988
1278,0.51,0.4998999899979988
1279,0.51,0.4998999899979988
1280,0.51,0.4998999899979988
1281,0.51,0.4998999899979988
1282,0.5066666666666667,0.4999555535800721
1283,0.5066666666666667,0.4999555535800721
1284,0.5066666666666667,0.4999555535800721
1285,0.51,0.4998999899979988
1286,0.51,0.4998999899979988
1287,0.51,0.4998999899979988
1288,0.51,0.4998999899979988
1289,0.51,0.4998999899979988
1290,0.5066666666666667,0.49995555358007204
1291,0.5033333333333333,0.4999888887654293
1292,0.5033333333333333,0.4999888887654293
1293,0.5033333333333333,0.4999888887654293
1294,0.5033333333333333,0.4999888887654293
1295,0.5033333333333333,0.4999888887654293
1296,0.5033333333333333,0.4999888887654293
1297,0.5033333333333333,0.4999888887654293
1298,0.5033333333333333,0.4999888887654293
1299,0.5,0.5
1300,0.5,0.5
1301,0.49666666666666665,0.49998888876542924
1302,0.49333333333333335,0.499955553580072
1303,0.49333333333333335,0.499955553580072
1304,0.49333333333333335,0.499955553580072
1305,0.49333333333333335,0.499955553580072
1306,0.49333333333333335,0.499955553580072
1307,0.49333333333333335,0.499955553580072
1308,0.49333333333333335,0.499955553580072
1309,0.49333333333333335,0.499955553580072
1310,0.49333333333333335,0.499955553580072
1311,0.49,0.49989998999799873
1312,0.4866666666666667,0.49982219060604216
1313,0.4866666666666667,0.49982219060604216
1314,0.4866666666666667,0.49982219060604216
1315,0.4866666666666667,0.49982219060604216
1316,0.4866666666666667,0.49982219060604216
1317,0.4866666666666667,0.49982219060604216
1318,0.4866666666666667,0.49982219060604216
1319,0.4866666666666667,0.49982219060604216
1320,0.4866666666666667,0.49982219060604216
1321,0.48333333333333334,0.499722145018831
1322,0.48333333333333334,0.499722145018831
1323,0.48333333333333334,0.499722145018831
1324,0.4866666666666667,0.49982219060604216
1325,0.4866666666666667,0.49982219060604216
1326,0.49,0.49989998999799873
1327,0.49,0.49989998999799873
1328,0.49,0.49989998999799873
1329,0.49,0.49989998999799873
1330,0.49,0.49989998999799873
1331,0.49,0.49989998999799873
1332,0.4866666666666667,0.49982219060604216
1333,0.4866666666666667,0.49982219060604216
1334,0.4866666666666667,0.49982219060604216
1335,0.4866666666666667,0.49982219060604216
1336,0.4866666666666667,0.49982219060604216
1337,0.4866666666666667,0.49982219060604216
1338,0.4866666666666667,0.49982219060604216
1339,0.4866666666666667,0.49982219060604216
1340,0.4866666666666667,0.49982219060604216
1341,0.4866666666666667,0.49982219060604216
1342,0.48333333333333334,0.499722145018831
1343,0.48333333333333334,0.499722145018831
1344,0.48333333333333334,0.499722145018831
1345,0.48333333333333334,0.499722145018831
1346,0.48333333333333334,0.499722145018831
1347,0.4866666666666667,0.49982219060604216
1348,0.48333333333333334,0.499722145018831
1349,0.48,0.49959983987187273
1350,0.48,0.49959983987187273
1351,0.48,0.49959983987187273
1352,0.48,0.49959983987187273
1353,0.48,0.49959983987187273
1354,0.48,0.49959983987187273
1355,0.48,0.49959983987187273
1356,0.48333333333333334,0.499722145018831
1357,0.48333333333333334,0.499722145018831
1358,0.48333333333333334,0.499722145018831
1359,0.48333333333333334,0.499722145018831
1360,0.48,0.49959983987187273
1361,0.4766666666666667,0.49945525881259467
1362,0.4766666666666667,0.49945525881259467
1363,0.4766666666666667,0.49945525881259467
1364,0.4766666666666667,0.49945525881259467
1365,0.4766666666666667,0.49945525881259467
1366,0.4766666666666667,0.49945525881259467
1367,0.4766666666666667,0.49945525881259467
1368,0.4766666666666667,0.49945525881259467
1369,0.4766666666666667,0.49945525881259467
1370,0.48,0.4995998398718727
1371,0.48,0.4995998398718727
1372,0.48,0.4995998398718727
1373,0.48,0.4995998398718727
1374,0.48,0.4995998398718727
1375,0.48,0.4995998398718727
1376,0.48,0.4995998398718727
1377,0.48,0.4995998398718727
1378,0.48333333333333334,0.499722145018831
1379,0.4866666666666667,0.49982219060604216
1380,0.4866666666666667,0.49982219060604216
1381,0.4866666666666667,0.49982219060604216
1382,0.4866666666666667,0.49982219060604216
1383,0.4866666666666667,0.49982219060604216
1384,0.4866666666666667,0.49982219060604216
1385,0.49,0.4998999899979987
1386,0.49333333333333335,0.49995555358007204
1387,0.49333333333333335,0.49995555358007204
1388,0.49333333333333335,0.49995555358007204
1389,0.49333333333333335,0.49995555358007204
1390,0.49333333333333335,0.49995555358007204
1391,0.49333333333333335,0.49995555358007204
1392,0.49333333333333335,0.49995555358007204
1393,0.49333333333333335,0.49995555358007204
1394,0.49333333333333335,0.49995555358007204
1395,0.49333333333333335,0.49995555358007204
1396,0.49333333333333335,0.49995555358007204
1397,0.49333333333333335,0.49995555358007204
1398,0.49333333333333335,0.49995555358007204
1399,0.49333333333333335,0.49995555358007204
1400,0.49333333333333335,0.49995555358007204
1401,0.49333333333333335,0.49995555358007204
1402,0.49333333333333335,0.49995555358007204
1403,0.49333333333333335,0.49995555358007204
1404,0.49333333333333335,0.49995555358007204
1405,0.49333333333333335,0.49995555358007204
1406,0.49333333333333335,0.49995555358007204
1407,0.49333333333333335,0.49995555358007204
1408,0.49333333333333335,0.49995555358007204
1409,0.49333333333333335,0.49995555358007204
1410,0.49333333333333335,0.49995555358007204
1411,0.49333333333333335,0.49995555358007204
1412,0.49333333333333335,0.49995555358007204
1413,0.49333333333333335,0.49995555358007204
1414,0.49,0.4998999899979987
1415,0.49,0.4998999899979987
1416,0.49,0.4998999899979987
1417,0.49,0.4998999899979987
1418,0.49,0.4998999899979987
1419,0.49,0.4998999899979987
1420,0.49333333333333335,0.49995555358007204
1421,0.49333333333333335,0.49995555358007204
1422,0.49333333333333335,0.49995555358007204
1423,0.49333333333333335,0.49995555358007204
1424,0.49333333333333335,0.49995555358007204
1425,0.49,0.4998999899979987
1426,0.49,0.4998999899979987
1427,0.49333333333333335,0.49995555358007204
1428,0.49333333333333335,0.49995555358007204
1429,0.4866666666666667,0.49982219060604216
1430,0.4866666666666667,0.49982219060604216
1431,0.4866666666666667,0.49982219060604216
1432,0.4866666666666667,0.49982219060604216
1433,0.4866666666666667,0.49982219060604216
1434,0.4866666666666667,0.49982219060604216
1435,0.4866666666666667,0.49982219060604216
1436,0.4866666666666667,0.49982219060604216
1437,0.4866666666666667,0.49982219060604216
1438,0.4866666666666667,0.49982219060604216
1439,0.4866666666666667,0.49982219060604216
1440,0.4866666666666667,0.49982219060604216
1441,0.48333333333333334,0.499722145018831
1442,0.48333333333333334,0.499722145018831
1443,0.48,0.4995998398718726
1444,0.48,0.4995998398718726
1445,0.48,0.4995998398718726
1446,0.4766666666666667,0.49945525881259467
1447,0.4766666666666667,0.49945525881259467
1448,0.4766666666666667,0.49945525881259467
1449,0.4766666666666667,0.49945525881259467
1450,0.4766666666666667,0.49945525881259467
1451,0.4766666666666667,0.49945525881259467
1452,0.48,0.4995998398718726
1453,0.48333333333333334,0.499722145018831
1454,0.4866666666666667,0.49982219060604216
1455,0.4866666666666667,0.49982219060604216
1456,0.4866666666666667,0.49982219060604216
1457,0.48333333333333334,0.499722145018831
1458,0.4866666666666667,0.49982219060604216
1459,0.48333333333333334,0.499722145018831
1460,0.48333333333333334,0.499722145018831
1461,0.48333333333333334,0.499722145018831
1462,0.48333333333333334,0.499722145018831
1463,0.48333333333333334,0.499722145018831
1464,0.48333333333333334,0.499722145018831
1465,0.48333333333333334,0.499722145018831
1466,0.48333333333333334,0.499722145018831
1467,0.48,0.4995998398718727
1468,0.48,0.4995998398718727
1469,0.48,0.4995998398718727
1470,0.48,0.4995998398718727
1471,0.48333333333333334,0.499722145018831
1472,0.48333333333333334,0.499722145018831
1473,0.48,0.4995998398718727
1474,0.48,0.4995998398718727
1475,0.48333333333333334,0.499722145018831
1476,0.48333333333333334,0.499722145018831
1477,0.48333333333333334,0.499722145018831
1478,0.48333333333333334,0.499722145018831
1479,0.48333333333333334,0.499722145018831
1480,0.48333333333333334,0.499722145018831
1481,0.48,0.4995998398718727
1482,0.48,0.4995998398718727
1483,0.48,0.4995998398718727
1484,0.48,0.4995998398718727
1485,0.4766666666666667,0.49945525881259467
1486,0.47333333333333333,0.4992883824894078
1487,0.47333333333333333,0.4992883824894078
1488,0.47333333333333333,0.4992883824894078
1489,0.47333333333333333,0.4992883824894078
1490,0.47333333333333333,0.4992883824894078
1491,0.47333333333333333,0.4992883824894078
1492,0.47333333333333333,0.4992883824894078
1493,0.47333333333333333,0.4992883824894078
1494,0.47333333333333333,0.4992883824894078
1495,0.47333333333333333,0.4992883824894078
1496,0.47333333333333333,0.4992883824894078
1497,0.47,0.499099188538712
1498,0.47,0.499099188538712
1499,0.47,0.499099188538712
1500,0.47,0.499099188538712
1501,0.4666666666666667,0.4988876515698591
1502,0.4666666666666667,0.4988876515698591
1503,0.4666666666666667,0.4988876515698591
1504,0.4666666666666667,0.4988876515698591
1505,0.4633333333333333,0.49865374314804495
1506,0.4633333333333333,0.49865374314804495
1507,0.4633333333333333,0.49865374314804495
1508,0.4633333333333333,0.49865374314804495
1509,0.4633333333333333,0.49865374314804495
1510,0.46,0.49839743177508483
1511,0.4633333333333333,0.49865374314804495
1512,0.4633333333333333,0.49865374314804495
1513,0.4633333333333333,0.49865374314804495
1514,0.4633333333333333,0.49865374314804495
1515,0.4633333333333333,0.49865374314804495
1516,0.4633333333333333,0.49865374314804495
1517,0.4666666666666667,0.4988876515698591
1518,0.4666666666666667,0.4988876515698591
1519,0.4666666666666667,0.4988876515698591
1520,0.4666666666666667,0.4988876515698591
1521,0.4666666666666667,0.4988876515698591
1522,0.4666666666666667,0.4988876515698591
1523,0.4666666666666667,0.4988876515698591
1524,0.4666666666666667,0.4988876515698591
1525,0.4666666666666667,0.4988876515698591
1526,0.4666666666666667,0.4988876515698591
1527,0.4666666666666667,0.4988876515698591
1528,0.4666666666666667,0.4988876515698591
1529,0.4666666666666667,0.4988876515698591
1530,0.4666666666666667,0.4988876515698591
1531,0.47,0.49909918853871205
1532,0.4666666666666667,0.4988876515698591
1533,0.4633333333333333,0.4986537431480449
1534,0.4633333333333333,0.4986537431480449
1535,0.4633333333333333,0.4986537431480449
1536,0.4666666666666667,0.49888765156985904
1537,0.4666666666666667,0.49888765156985904
1538,0.4633333333333333,0.49865374314804495
1539,0.4633333333333333,0.49865374314804495
1540,0.46,0.49839743177508483
1541,0.46,0.49839743177508483
1542,0.46,0.49839743177508483
1543,0.46,0.49839743177508483
1544,0.46,0.49839743177508483
1545,0.46,0.49839743177508483
1546,0.46,0.49839743177508483
1547,0.45666666666666667,0.49811868286807043
1548,0.45666666666666667,0.49811868286807043
1549,0.45666666666666667,0.49811868286807043
1550,0.45666666666666667,0.49811868286807043
1551,0.46,0.49839743177508483
1552,0.46,0.49839743177508483
1553,0.46,0.49839743177508483
1554,0.46,0.49839743177508483
1555,0.46,0.49839743177508483
1556,0.46,0.49839743177508483
1557,0.46,0.49839743177508483
1558,0.46,0.49839743177508483
1559,0.46,0.49839743177508483
1560,0.46,0.49839743177508483
1561,0.46,0.49839743177508483
1562,0.45666666666666667,0.49811868286807043
1563,0.45666666666666667,0.49811868286807043
1564,0.45666666666666667,0.49811868286807043
1565,0.45666666666666667,0.49811868286807043
1566,0.45666666666666667,0.49811868286807043
1567,0.45666666666666667,0.49811868286807043
1568,0.45666666666666667,0.49811868286807043
1569,0.45666666666666667,0.49811868286807043
1570,0.46,0.49839743177508483
1571,0.45666666666666667,0.49811868286807043
1572,0.45666666666666667,0.49811868286807043
1573,0.45666666666666667,0.49811868286807043
1574,0.4533333333333333,0.49781745873585226
1575,0.4533333333333333,0.49781745873585226
1576,0.4533333333333333,0.49781745873585226
1577,0.4533333333333333,0.49781745873585226
1578,0.4533333333333333,0.49781745873585226
1579,0.4533333333333333,0.49781745873585226
1580,0.4533333333333333,0.49781745873585226
1581,0.4533333333333333,0.49781745873585226
1582,0.4533333333333333,0.49781745873585226
1583,0.4533333333333333,0.49781745873585226
1584,0.4533333333333333,0.49781745873585226
1585,0.4533333333333333,0.49781745873585226
1586,0.4533333333333333,0.49781745873585226
1587,0.4533333333333333,0.49781745873585226
1588,0.4533333333333333,0.49781745873585226
1589,0.4533333333333333,0.49781745873585226
1590,0.4533333333333333,0.49781745873585226
1591,0.4533333333333333,0.49781745873585226
1592,0.4533333333333333,0.49781745873585226
1593,0.4533333333333333,0.49781745873585226
1594,0.4533333333333333,0.49781745873585226
1595,0.4533333333333333,0.49781745873585226
1596,0.4533333333333333,0.49781745873585226
1597,0.4533333333333333,0.49781745873585226
1598,0.45,0.4974937185533101
1599,0.45,0.4974937185533101
1600,0.45,0.4974937185533101
1601,0.45,0.4974937185533101
1602,0.45,0.4974937185533101
1603,0.45,0.4974937185533101
1604,0.45,0.4974937185533101
1605,0.45,0.4974937185533101
1606,0.45,0.4974937185533101
1607,0.45,0.4974937185533101
1608,0.45,0.4974937185533101
1609,0.45,0.4974937185533101
1610,0.45,0.4974937185533101
1611,0.45,0.4974937185533101
1612,0.45,0.4974937185533101
1613,0.45,0.4974937185533101
1614,0.45,0.4974937185533101
1615,0.45,0.4974937185533101
1616,0.45,0.4974937185533101
1617,0.45,0.4974937185533101
1618,0.45,0.4974937185533101
1619,0.44666666666666666,0.4971474183333909
1620,0.44333333333333336,0.4967785108968461
1621,0.44333333333333336,0.4967785108968461
1622,0.44333333333333336,0.4967785108968461
1623,0.44333333333333336,0.4967785108968461
1624,0.44333333333333336,0.4967785108968461
1625,0.44333333333333336,0.4967785108968461
1626,0.44666666666666666,0.4971474183333908
1627,0.44666666666666666,0.4971474183333908
1628,0.44666666666666666,0.4971474183333908
1629,0.44666666666666666,0.4971474183333908
1630,0.44666666666666666,0.4971474183333908
1631,0.44333333333333336,0.4967785108968461
1632,0.44333333333333336,0.4967785108968461
1633,0.44333333333333336,0.4967785108968461
1634,0.44333333333333336,0.4967785108968461
1635,0.44333333333333336,0.4967785108968461
1636,0.44333333333333336,0.4967785108968461
1637,0.44333333333333336,0.4967785108968461
1638,0.44333333333333336,0.4967785108968461
1639,0.44333333333333336,0.4967785108968461
1640,0.44333333333333336,0.4967785108968461
1641,0.44333333333333336,0.4967785108968461
1642,0.44666666666666666,0.4971474183333908
1643,0.44666666666666666,0.4971474183333908
1644,0.44666666666666666,0.4971474183333908
1645,0.44666666666666666,0.4971474183333908
1646,0.44666666666666666,0.4971474183333908
1647,0.44666666666666666,0.4971474183333908
1648,0.44666666666666666,0.4971474183333908
1649,0.44333333333333336,0.4967785108968461
1650,0.44333333333333336,0.4967785108968461
1651,0.44333333333333336,0.4967785108968461
1652,0.45,0.49749371855331015
1653,0.45,0.49749371855331015
1654,0.45,0.49749371855331015
1655,0.45,0.49749371855331015
1656,0.45,0.49749371855331015
1657,0.45,0.49749371855331015
1658,0.45,0.49749371855331015
1659,0.4533333333333333,0.4978174587358522
1660,0.4533333333333333,0.4978174587358522
1661,0.4533333333333333,0.4978174587358522
1662,0.4533333333333333,0.4978174587358522
1663,0.4533333333333333,0.4978174587358522
1664,0.4533333333333333,0.4978174587358522
1665,0.4533333333333333,0.4978174587358522
1666,0.4533333333333333,0.4978174587358522
1667,0.4533333333333333,0.4978174587358522
1668,0.4533333333333333,0.4978174587358522
1669,0.4533333333333333,0.4978174587358522
1670,0.45666666666666667,0.4981186828680705
1671,0.45666666666666667,0.4981186828680705
1672,0.45666666666666667,0.4981186828680705
1673,0.45666666666666667,0.4981186828680705
1674,0.45666666666666667,0.4981186828680705
1675,0.45666666666666667,0.4981186828680705
1676,0.45666666666666667,0.4981186828680705
1677,0.45666666666666667,0.4981186828680705
1678,0.45666666666666667,0.4981186828680705
1679,0.45666666666666667,0.4981186828680705
1680,0.45666666666666667,0.4981186828680705
1681,0.45666666666666667,0.4981186828680705
1682,0.45666666666666667,0.4981186828680705
1683,0.4533333333333333,0.4978174587358522
1684,0.4533333333333333,0.4978174587358522
1685,0.4533333333333333,0.4978174587358522
1686,0.4533333333333333,0.4978174587358522
1687,0.4533333333333333,0.4978174587358522
1688,0.4533333333333333,0.4978174587358522
1689,0.4533333333333333,0.4978174587358522
1690,0.4533333333333333,0.4978174587358522
1691,0.4533333333333333,0.4978174587358522
1692,0.45666666666666667,0.4981186828680705
1693,0.45666666666666667,0.4981186828680705
1694,0.45666666666666667,0.4981186828680705
1695,0.45666666666666667,0.4981186828680705
1696,0.46,0.49839743177508483
1697,0.45666666666666667,0.4981186828680705
1698,0.45666666666666667,0.4981186828680705
1699,0.45666666666666667,0.4981186828680705
1700,0.45666666666666667,0.4981186828680705
1701,0.45666666666666667,0.4981186828680705
1702,0.46,0.49839743177508483
1703,0.46,0.49839743177508483
1704,0.46,0.49839743177508483
1705,0.46,0.49839743177508483
1706,0.46,0.49839743177508483
1707,0.46,0.49839743177508483
1708,0.45666666666666667,0.49811868286807054
1709,0.45666666666666667,0.49811868286807054
1710,0.45666666666666667,0.49811868286807054
1711,0.45666666666666667,0.49811868286807054
1712,0.45666666666666667,0.49811868286807054
1713,0.45666666666666667,0.49811868286807054
1714,0.45666666666666667,0.49811868286807054
1715,0.45666666666666667,0.49811868286807054
1716,0.46,0.4983974317750849
1717,0.46,0.4983974317750849
1718,0.46,0.4983974317750849
1719,0.46,0.4983974317750849
1720,0.46,0.4983974317750849
1721,0.46,0.4983974317750849
1722,0.46,0.4983974317750849
1723,0.46,0.4983974317750849
1724,0.46,0.4983974317750849
1725,0.46,0.4983974317750849
1726,0.46,0.4983974317750849
1727,0.45666666666666667,0.4981186828680705
1728,0.45666666666666667,0.4981186828680705
1729,0.45666666666666667,0.4981186828680705
1730,0.45666666666666667,0.4981186828680705
1731,0.45666666666666667,0.4981186828680705
1732,0.45666666666666667,0.4981186828680705
1733,0.45666666666666667,0.4981186828680705
1734,0.45666666666666667,0.4981186828680705
1735,0.45666666666666667,0.4981186828680705
1736,0.45666666666666667,0.4981186828680705
1737,0.45666666666666667,0.4981186828680705
1738,0.45666666666666667,0.4981186828680705
1739,0.45666666666666667,0.4981186828680705
1740,0.45666666666666667,0.4981186828680705
1741,0.45666666666666667,0.4981186828680705
1742,0.45666666666666667,0.4981186828680705
1743,0.45666666666666667,0.4981186828680705
1744,0.45666666666666667,0.4981186828680705
1745,0.45666666666666667,0.4981186828680705
1746,0.45666666666666667,0.4981186828680705
1747,0.4533333333333333,0.4978174587358522
1748,0.4533333333333333,0.4978174587358522
1749,0.4533333333333333,0.4978174587358522
1750,0.4533333333333333,0.4978174587358522
1751,0.4533333333333333,0.4978174587358522
1752,0.4533333333333333,0.4978174587358522
1753,0.4533333333333333,0.4978174587358522
1754,0.45666666666666667,0.4981186828680705
1755,0.45666666666666667,0.4981186828680705
1756,0.45666666666666667,0.4981186828680705
1757,0.46,0.49839743177508483
1758,0.46,0.49839743177508483
1759,0.46,0.49839743177508483
1760,0.46,0.49839743177508483
1761,0.46,0.49839743177508483
1762,0.46,0.49839743177508483
1763,0.46,0.49839743177508483
1764,0.46,0.49839743177508483
1765,0.46,0.49839743177508483
1766,0.46,0.49839743177508483
1767,0.46,0.49839743177508483
1768,0.46,0.49839743177508483
1769,0.46,0.49839743177508483
1770,0.4533333333333333,0.4978174587358522
1771,0.4533333333333333,0.4978174587358522
1772,0.4533333333333333,0.4978174587358522
1773,0.45666666666666667,0.4981186828680705
1774,0.45666666666666667,0.4981186828680705
1775,0.45666666666666667,0.4981186828680705
1776,0.45666666666666667,0.4981186828680705
1777,0.4533333333333333,0.4978174587358522
1778,0.4533333333333333,0.4978174587358522
1779,0.4533333333333333,0.4978174587358522
1780,0.4533333333333333,0.4978174587358522
1781,0.4533333333333333,0.4978174587358522
1782,0.4533333333333333,0.4978174587358522
1783,0.4533333333333333,0.4978174587358522
1784,0.4533333333333333,0.4978174587358522
1785,0.45666666666666667,0.4981186828680705
1786,0.45666666666666667,0.4981186828680705
1787,0.45666666666666667,0.4981186828680705
1788,0.45666666666666667,0.4981186828680705
1789,0.46,0.49839743177508483
1790,0.46,0.49839743177508483
1791,0.46,0.49839743177508483
1792,0.46,0.49839743177508483
1793,0.46,0.49839743177508483
1794,0.46,0.49839743177508483
1795,0.46,0.49839743177508483
1796,0.46,0.49839743177508483
1797,0.46,0.49839743177508483
1798,0.46,0.49839743177508483
1799,0.46,0.49839743177508483
1800,0.46,0.49839743177508483
1801,0.4633333333333333,0.49865374314804495
1802,0.4633333333333333,0.49865374314804495
1803,0.4633333333333333,0.49865374314804495
1804,0.4633333333333333,0.49865374314804495
1805,0.4633333333333333,0.49865374314804495
1806,0.4633333333333333,0.49865374314804495
1807,0.4633333333333333,0.49865374314804495
1808,0.46,0.49839743177508483
1809,0.46,0.49839743177508483
1810,0.46,0.49839743177508483
1811,0.46,0.49839743177508483
1812,0.46,0.49839743177508483
1813,0.46,0.49839743177508483
1814,0.46,0.49839743177508483
1815,0.46,0.49839743177508483
1816,0.46,0.49839743177508483
1817,0.46,0.49839743177508483
1818,0.46,0.49839743177508483
1819,0.46,0.49839743177508483
1820,0.46,0.49839743177508483
1821,0.46,0.49839743177508483
1822,0.46,0.49839743177508483
1823,0.46,0.49839743177508483
1824,0.46,0.49839743177508483
1825,0.46,0.49839743177508483
1826,0.46,0.49839743177508483
1827,0.46,0.49839743177508483
1828,0.46,0.49839743177508483
1829,0.46,0.49839743177508483
1830,0.46,0.49839743177508483
1831,0.46,0.49839743177508483
1832,0.46,0.49839743177508483
1833,0.46,0.49839743177508483
1834,0.46,0.49839743177508483
1835,0.4666666666666667,0.49888765156985904
1836,0.4666666666666667,0.49888765156985904
1837,0.4666666666666667,0.49888765156985904
1838,0.4666666666666667,0.49888765156985904
1839,0.47,0.49909918853871205
1840,0.47,0.49909918853871205
1841,0.47,0.49909918853871205
1842,0.47,0.49909918853871205
1843,0.47,0.49909918853871205
1844,0.47333333333333333,0.4992883824894077
1845,0.47,0.49909918853871205
1846,0.47,0.49909918853871205
1847,0.47,0.49909918853871205
1848,0.47,0.49909918853871205
1849,0.47,0.49909918853871205
1850,0.47,0.49909918853871205
1851,0.47,0.49909918853871205
1852,0.47,0.49909918853871205
1853,0.47,0.49909918853871205
1854,0.47333333333333333,0.4992883824894077
1855,0.47333333333333333,0.4992883824894077
1856,0.47333333333333333,0.4992883824894077
1857,0.47333333333333333,0.4992883824894077
1858,0.47333333333333333,0.4992883824894077
1859,0.47333333333333333,0.4992883824894077
1860,0.47333333333333333,0.4992883824894077
1861,0.47333333333333333,0.4992883824894077
1862,0.47333333333333333,0.4992883824894077
1863,0.47333333333333333,0.4992883824894077
1864,0.47333333333333333,0.4992883824894077
1865,0.47333333333333333,0.4992883824894077
1866,0.47333333333333333,0.4992883824894077
1867,0.47333333333333333,0.4992883824894077
1868,0.47333333333333333,0.4992883824894077
1869,0.47333333333333333,0.4992883824894077
1870,0.47333333333333333,0.4992883824894077
1871,0.47333333333333333,0.4992883824894077
1872,0.47333333333333333,0.4992883824894077
1873,0.47333333333333333,0.4992883824894077
1874,0.47333333333333333,0.4992883824894077
1875,0.47333333333333333,0.4992883824894077
1876,0.47333333333333333,0.4992883824894077
1877,0.47333333333333333,0.4992883824894077
1878,0.4766666666666667,0.4994552588125946
1879,0.4766666666666667,0.4994552588125946
1880,0.4766666666666667,0.4994552588125946
1881,0.4766666666666667,0.4994552588125946
1882,0.4766666666666667,0.4994552588125946
1883,0.4766666666666667,0.4994552588125946
1884,0.4766666666666667,0.4994552588125946
1885,0.4766666666666667,0.4994552588125946
1886,0.48333333333333334,0.499722145018831
1887,0.48333333333333334,0.499722145018831
1888,0.48,0.49959983987187245
1889,0.48,0.49959983987187245
1890,0.48333333333333334,0.499722145018831
1891,0.48333333333333334,0.499722145018831
1892,0.48333333333333334,0.499722145018831
1893,0.48333333333333334,0.499722145018831
1894,0.48333333333333334,0.499722145018831
1895,0.48333333333333334,0.499722145018831
1896,0.48333333333333334,0.499722145018831
1897,0.48333333333333334,0.499722145018831
1898,0.48333333333333334,0.499722145018831
1899,0.48333333333333334,0.499722145018831
1900,0.48333333333333334,0.499722145018831
1901,0.48333333333333334,0.499722145018831
1902,0.48333333333333334,0.499722145018831
1903,0.48333333333333334,0.499722145018831
1904,0.48333333333333334,0.499722145018831
1905,0.48333333333333334,0.499722145018831
1906,0.48333333333333334,0.499722145018831
1907,0.48333333333333334,0.499722145018831
1908,0.48333333333333334,0.499722145018831
1909,0.48333333333333334,0.499722145018831
1910,0.48333333333333334,0.499722145018831
1911,0.4866666666666667,0.4998221906060423
1912,0.49,0.4998999899979987
1913,0.49,0.4998999899979987
1914,0.49,0.4998999899979987
1915,0.49,0.4998999899979987
1916,0.4866666666666667,0.4998221906060423
1917,0.48333333333333334,0.499722145018831
1918,0.48333333333333334,0.499722145018831
1919,0.48333333333333334,0.499722145018831
1920,0.48333333333333334,0.499722145018831
1921,0.48333333333333334,0.499722145018831
1922,0.48333333333333334,0.499722145018831
1923,0.48333333333333334,0.499722145018831
1924,0.48333333333333334,0.499722145018831
1925,0.48333333333333334,0.499722145018831
1926,0.48333333333333334,0.499722145018831
1927,0.48333333333333334,0.499722145018831
1928,0.48333333333333334,0.499722145018831
1929,0.48333333333333334,0.499722145018831
1930,0.48333333333333334,0.499722145018831
1931,0.48333333333333334,0.499722145018831
1932,0.48333333333333334,0.499722145018831
1933,0.48333333333333334,0.499722145018831
1934,0.48333333333333334,0.499722145018831
1935,0.48333333333333334,0.499722145018831
1936,0.48333333333333334,0.499722145018831
1937,0.48333333333333334,0.499722145018831
1938,0.48333333333333334,0.499722145018831
1939,0.48333333333333334,0.499722145018831
1940,0.48333333333333334,0.499722145018831
1941,0.48333333333333334,0.499722145018831
1942,0.48333333333333334,0.499722145018831
1943,0.48333333333333334,0.499722145018831
1944,0.48333333333333334,0.499722145018831
1945,0.48333333333333334,0.499722145018831
1946,0.48333333333333334,0.499722145018831
1947,0.48333333333333334,0.499722145018831
1948,0.48333333333333334,0.499722145018831
1949,0.48333333333333334,0.499722145018831
1950,0.4866666666666667,0.49982219060604227
1951,0.4866666666666667,0.49982219060604227
1952,0.4866666666666667,0.49982219060604227
1953,0.4866666666666667,0.49982219060604227
1954,0.4866666666666667,0.49982219060604227
1955,0.4866666666666667,0.49982219060604227
1956,0.4866666666666667,0.49982219060604227
1957,0.4866666666666667,0.49982219060604227
1958,0.4866666666666667,0.49982219060604227
1959,0.48333333333333334,0.49972214501883094
1960,0.48333333333333334,0.49972214501883094
1961,0.48333333333333334,0.49972214501883094
1962,0.48333333333333334,0.49972214501883094
1963,0.48333333333333334,0.49972214501883094
1964,0.48333333333333334,0.49972214501883094
1965,0.48333333333333334,0.49972214501883094
1966,0.48333333333333334,0.49972214501883094
1967,0.48333333333333334,0.49972214501883094
1968,0.48333333333333334,0.49972214501883094
1969,0.48333333333333334,0.49972214501883094
1970,0.48333333333333334,0.49972214501883094
1971,0.48333333333333334,0.49972214501883094
1972,0.48333333333333334,0.49972214501883094
1973,0.48333333333333334,0.49972214501883094
1974,0.48333333333333334,0.49972214501883094
