0,9.031163333333346e-05,0.0005074090025081658
1,0.0016500556000000023,0.010447772888413588
2,0.00804234669999999,0.0340122004573541
3,0.019802800833333318,0.061403399552104054
4,0.045421733399999976,0.1179552147611361
5,0.08058275279999998,0.17358292072054615
6,0.12438951300000002,0.24960633936738458
7,0.16010280949999994,0.3058485245752521
8,0.2049140381666667,0.38271088075137055
9,0.2442577603,0.44791122496393543
10,0.28343641356666677,0.49805405470083997
11,0.32481919459999986,0.5309919415572119
12,0.3688298935333333,0.5814582784419492
13,0.41812553163333344,0.6466472228857861
14,0.4693604568999998,0.7204974246790474
15,0.4986974241666664,0.7404793241866632
16,0.5341945401666665,0.7805610892764399
17,0.5593186426666665,0.7982796445706845
18,0.5738841027333333,0.8068184971445852
19,0.6038196675333333,0.8394927181640824
20,0.6166312359000002,0.8575544323647758
21,0.6347710366666669,0.8769250137790854
22,0.6480885415333334,0.8791132223620945
23,0.6729455727666669,0.9078120034190078
24,0.6914515028,0.9225425488536966
25,0.7205771382333334,0.9627321342207646
26,0.7370799040000001,0.968615656988454
27,0.7510412551333332,0.9912651604157663
28,0.7734901601333332,0.9948988080266227
29,0.7958767790666665,1.0111785103420998
30,0.8127174336999999,1.0155172904723138
31,0.827391001066667,1.0243418313572046
32,0.8584415205000003,1.0433559839024844
33,0.9014703887333333,1.0683352858538178
34,0.9772795743333336,1.093464410649479
35,1.0601206356,1.1162170993884184
36,1.1322123295333333,1.118428872269472
37,1.2024020658333339,1.1309056921127743
38,1.2831409126999995,1.153945061093791
39,1.335220454033333,1.169711136404408
40,1.3797490919333342,1.1922130136034026
41,1.420163636433334,1.2068917343613343
42,1.4434946431333335,1.2189984962474882
43,1.4641642094000005,1.229875790577574
44,1.4925980720333338,1.2470212551023339
45,1.508429527566667,1.2628523773819933
46,1.5300694237666672,1.2775492177254884
47,1.5495452858333334,1.2862316870917552
48,1.5673876892,1.2931345436482142
49,1.5880680051666676,1.3003040635978846
50,1.611078841066668,1.3073717397495819
51,1.627745883666668,1.3249835093481215
52,1.6369513816333345,1.3325425252543668
53,1.6615603199333342,1.3541308840729922
54,1.6711236784666677,1.3591234553369325
55,1.6917018341333343,1.3744357073099265
56,1.6998777095333337,1.3758000797495544
57,1.7163054353000002,1.3783828940921996
58,1.729840629933333,1.3930256027759005
59,1.7347412397999997,1.3921523316299593
60,1.7508806423333332,1.4147712225857192
61,1.7664329267333332,1.4148332847740335
62,1.7726798291999997,1.4210407176318984
63,1.7856962794333333,1.4279380781334183
64,1.8006456556000001,1.4476324038530364
65,1.8154347573666667,1.4571695067633952
66,1.8231723922666667,1.4622975439373727
67,1.8372756347666666,1.4586235180259866
68,1.8477848456000003,1.4675563255796429
69,1.8637731968666678,1.4716645897851344
70,1.872598548733334,1.471346760792075
71,1.883447253900001,1.4717517099024042
72,1.8890458228333338,1.473574158401817
73,1.8937847953000002,1.4777481028241655
74,1.9163591674,1.4961829721456965
75,1.9246283630000005,1.5006645425304708
76,1.9325870633000004,1.5002977222122145
77,1.9369397455000008,1.5065155310414569
78,1.9472458431333337,1.505762639379128
79,1.9534458500666672,1.5056146303124318
80,1.9606451758333336,1.509790177994455
81,1.981983521033334,1.5261758483441843
82,1.9921687465000006,1.5275841220349569
83,1.9992615605000006,1.5304067372963825
84,2.0034902679000006,1.5310757410278997
85,2.011496558666667,1.5334854259806616
86,2.0196579558,1.5356498098187679
87,2.0260219310000003,1.5410030488220683
88,2.033472360466667,1.5518958455917982
89,2.038829552133334,1.5526002602958533
90,2.044482684366667,1.5519142532808858
91,2.0498435510666666,1.5542905169895052
92,2.0590310741666675,1.562904914994979
93,2.0666254635666674,1.5698267271216828
94,2.0777571738000007,1.5741716887722181
95,2.0871187136000007,1.5801723599205626
96,2.099292888200001,1.5884446348352073
97,2.1148205027000015,1.5985388935792986
98,2.129023517566668,1.6156325903506967
99,2.142277815533335,1.6184285544536938
100,2.1521642682000017,1.6252211523317397
101,2.1576863588666684,1.6283048779036098
102,2.166336713100002,1.632760542880072
103,2.1714564952666677,1.6329362356918466
104,2.1778043772666678,1.6338971699665346
105,2.1885421794,1.6379708259917563
106,2.1938689293000007,1.641973186805394
107,2.199882794333334,1.64643463970355
108,2.2083166683999997,1.6592609049204694
109,2.2135186269999996,1.6675613728024397
110,2.2182491729666665,1.6677151917996178
111,2.222876851433333,1.6741305917856846
112,2.228309355766667,1.6752708465427286
113,2.2301443342333336,1.6771403006618208
114,2.2338865315000005,1.6773965632014152
115,2.2402296866333327,1.6834531565248325
116,2.242737346233333,1.6852444061646428
117,2.2487369964666666,1.6886203004875828
118,2.252443060733333,1.6884671382215204
119,2.2612992566666663,1.6905979477126185
120,2.2667514292999997,1.6913625310740148
121,2.2717326376999996,1.6908499832970132
122,2.2753373002,1.6895658328836585
123,2.2794831924666665,1.6939893921246116
124,2.287500036866667,1.6978374079056535
125,2.2934176506333332,1.700191192538228
126,2.295156512566667,1.7023766871001396
127,2.3015619704999994,1.7104117213003567
128,2.3099684902333326,1.7143472349482967
129,2.3167864814666657,1.7215749031371113
130,2.3217225249666655,1.7260715914481146
131,2.3269496677999997,1.7305095970827722
132,2.327912013866667,1.731498669330392
133,2.3307569134666655,1.7344416987863054
134,2.331129026366666,1.7341857536753578
135,2.338170432133333,1.734634993381945
136,2.342854092166666,1.7350525573135605
137,2.344246848933332,1.7347893106708896
138,2.3466475368666653,1.7349330006595132
139,2.3487578314666653,1.7355484982753315
140,2.3528074637666654,1.7329641800696414
141,2.355470646433332,1.7361015212334212
142,2.3566576659666656,1.7358160941989715
143,2.358081003533332,1.7349244168236082
144,2.3609605990333313,1.734519878934305
145,2.361900925833332,1.7364052861471162
146,2.3627067188999984,1.7374270463143486
147,2.366346162933332,1.7406374652749168
148,2.3675080695999977,1.7405367316398095
149,2.3695874248999984,1.7400175512428389
150,2.3721916069333315,1.7400318027516426
151,2.3745183562666647,1.7399542509620518
152,2.376612950466666,1.742302192426137
153,2.3813887536333325,1.742894615462956
154,2.3885715862333323,1.750470063527849
155,2.3908610793999983,1.7526756405073107
156,2.3930443290999985,1.7531033719646654
157,2.396350531899998,1.754802810363503
158,2.3983673389333315,1.7548046195329554
159,2.4063776146999967,1.7662014917937863
160,2.4083235872333306,1.7655068173567388
161,2.414625125733331,1.7656163978105053
162,2.4185406449999975,1.7636348678429385
163,2.4217352162333303,1.768840956813854
164,2.4286683275333303,1.771472685081991
165,2.433948741166664,1.7726819371089655
166,2.4363514350999975,1.773331501464912
167,2.4377552617666645,1.7746136311355216
168,2.439100437533331,1.773884557225122
169,2.440108902199998,1.773039429871168
170,2.4413259294333316,1.7725589815498664
171,2.441788665799998,1.7721613338585784
172,2.4442731509999978,1.7740445979511683
173,2.4449950318666644,1.7740490828899003
174,2.4574783945333314,1.7817627787516903
175,2.460077924366664,1.7829170955817097
176,2.4623350565666646,1.783724426386878
177,2.4666685741666643,1.7858888356773372
178,2.4697472396333313,1.788947190056852
179,2.472217847233331,1.7875059219939549
180,2.4760386082333308,1.7858559005763057
181,2.479002019066664,1.7856918772715005
182,2.486337879899998,1.7882217376076472
183,2.4892221659999985,1.7859929107110208
184,2.4923828028666652,1.7844498208577175
185,2.4986389686666657,1.7868237468019754
186,2.502823069566666,1.7892108130714273
187,2.5056721408666656,1.7877607027747793
188,2.5117997350333314,1.7915326000930996
189,2.5136687562666653,1.7918548003794608
190,2.5182524916333313,1.7902829785031193
191,2.518518044766665,1.7905115402666958
192,2.5207102204666643,1.7895718806631091
193,2.5228106682666644,1.7893630182033693
194,2.5237387106666644,1.7886735224409784
195,2.529452243533331,1.7919574183810072
196,2.530170275699998,1.7918522016492964
197,2.534160652233331,1.796112853771301
198,2.5354145976666644,1.7975573965480833
199,2.538262864933331,1.7976512962997182
200,2.539829306099998,1.7979622902698689
201,2.5410294539999976,1.7992337974481556
202,2.541638584699998,1.799499945204486
203,2.543015246933331,1.8003616229395176
204,2.5463118346666644,1.8015980231926707
205,2.556027099833331,1.8028942152851597
206,2.5621247824333313,1.8028015943761728
207,2.565935208733331,1.8076386751438085
208,2.568039277999998,1.8069443329085089
209,2.573363727599998,1.8050577011633326
210,2.579821186866664,1.8104010980718592
211,2.583924218733331,1.810401199951578
212,2.5921016654999973,1.8169805999699524
213,2.593824793399998,1.8194532544946567
214,2.5994261776666647,1.8239826325146404
215,2.602714141233331,1.8229811897312667
216,2.6034604156666643,1.8228670858725686
217,2.6047773997666646,1.8223587394636083
218,2.6058647791666645,1.8249435123150566
219,2.607020305099998,1.825102565689923
220,2.6083195508333312,1.8241692730389962
221,2.6086529219666645,1.8243416884607868
222,2.6144691125333313,1.8279664377081135
223,2.6144691125333313,1.8279664377081135
224,2.617443909633331,1.830284383308274
225,2.6185581333333308,1.8314544338934038
226,2.6204826849666647,1.8306728720269183
227,2.622052227266664,1.8303940820743576
228,2.6222815227333314,1.830150048523893
229,2.6252213418999975,1.8319932225517397
230,2.6272466401666645,1.8331927955259166
231,2.6336366906666644,1.8350888599391781
232,2.6341578916666646,1.8352304839876001
233,2.635521034066664,1.8341564863001258
234,2.6385832709333306,1.8331348941902488
235,2.642643817233331,1.8316252551444858
236,2.6430735430999976,1.8311308522591219
237,2.6479059737333315,1.8310586109674611
238,2.648590947066664,1.8307517207603627
239,2.650249109399998,1.8326285591258034
240,2.6547065919666646,1.8346288390109482
241,2.655787669399998,1.833789490943773
242,2.6571860425999976,1.8327626321532011
243,2.6588823425666646,1.8324707892647925
244,2.662110903233331,1.8360939565505505
245,2.6621621477666646,1.8361287878741652
246,2.6626550429666644,1.8358935589236214
247,2.6626633977666643,1.835885985948909
248,2.6628926086333315,1.8360828728514238
249,2.662950329233331,1.8360372198247574
250,2.663047654799998,1.8361897993341465
251,2.6641874939333303,1.8353685143640524
252,2.667621600999998,1.8371375770783755
253,2.6677807847666646,1.8370748360987823
254,2.6677807847666646,1.8370748360987823
255,2.6677807847666646,1.8370748360987823
256,2.6692744153666643,1.8399490096002018
257,2.669365654433331,1.8399917586905796
258,2.6738842175999973,1.8444196881456707
259,2.677296849266664,1.8424898744222147
260,2.679320568933331,1.8429064051728494
261,2.6805198639666643,1.8430649755901567
262,2.6848515960666646,1.8431580866685422
263,2.6859100856666647,1.8426520901913024
264,2.6872987480333315,1.8425595778060557
265,2.6884711956999983,1.8414247825992782
266,2.691470689266665,1.8410403662314538
267,2.694390714899998,1.8398942494659931
268,2.6954924589333316,1.8402277811800807
269,2.699635235533332,1.8394994189085694
270,2.7043723687666654,1.839819479105032
271,2.7056011207666657,1.839289857099868
272,2.7061322830666654,1.8398591324744027
273,2.706818017833332,1.8396700809516442
274,2.7076483151999993,1.8390517304165046
275,2.7079337971666657,1.8388797920588493
276,2.7120702909333327,1.8388576302380002
277,2.714299712199999,1.8392790431817494
278,2.714299712199999,1.8392790431817494
279,2.7218317351333328,1.8481044789335854
280,2.7226514739666663,1.8479127432212668
281,2.723623424833333,1.8476122423395425
282,2.7302375663999996,1.852571696155051
283,2.7310162634333337,1.8529922874141562
284,2.7315326470666665,1.8525831146017624
285,2.7321664463000004,1.852911392539006
286,2.733475425000001,1.85419961971625
287,2.7380315181333335,1.8566181067912233
288,2.7397774228333343,1.8582530253811649
289,2.7402139057000006,1.8585142107695567
290,2.7416823063,1.8585795123027775
291,2.745636479333333,1.859125314536021
292,2.7459339596000003,1.858764390331492
293,2.7475500219666675,1.8577428776963714
294,2.7489074206,1.8572027277692433
295,2.756469507766667,1.8600122842332933
296,2.7629309943000004,1.8603894669166472
297,2.7661786625666673,1.8633690770486704
298,2.7672105365666666,1.8625196567629683
299,2.7726854598,1.8628707311859278
300,2.7745916759666662,1.862450919453419
301,2.7766042220666662,1.8623747701149553
302,2.777438677833333,1.8618046061739502
303,2.777488093833333,1.8617834506016895
304,2.7781643907999993,1.861906213171854
305,2.779688228066666,1.860760603634673
306,2.780732989266666,1.8604205688027733
307,2.780967855233332,1.8604776543615038
308,2.7820795782666656,1.8611009930577662
309,2.7823722868666656,1.8612447777714276
310,2.784280722699999,1.8647425952325474
311,2.789620105366666,1.8646118170081245
312,2.7946793202333318,1.8635651057454876
313,2.795895372533332,1.8633290314685147
314,2.796773046799999,1.8632663208896036
315,2.7979796281666656,1.8635286071667798
316,2.802801601633332,1.863312089167045
317,2.8047322522999987,1.86291904437984
318,2.806661049166665,1.8636624226120384
319,2.811919871633332,1.863835992395471
320,2.8128383641999988,1.8635908990362322
321,2.8128383641999988,1.8635908990362322
322,2.8176423489333318,1.8661886326788255
323,2.8179454177666656,1.8661861374777815
324,2.818116823633332,1.8663204567317406
325,2.8226046141333323,1.8677178904933431
326,2.824004059199998,1.8694024695619282
327,2.8284872685666658,1.8750529279031478
328,2.829772145866665,1.8768348789900422
329,2.8317777540999987,1.878127931048611
330,2.8317777540999987,1.878127931048611
331,2.8353690492666654,1.8789600245333415
332,2.8426780176999986,1.89027222824476
333,2.845714495266666,1.8897868779201619
334,2.845714495266666,1.8897868779201619
335,2.848881326333332,1.8912429684220053
336,2.8494336155666655,1.890836653716992
337,2.8526919748333324,1.8910073503100437
338,2.853002936999999,1.8907892709563314
339,2.8534270027333326,1.8906259560552476
340,2.8534270027333326,1.8906259560552476
341,2.8549238003666657,1.8911149510153265
342,2.856646463733332,1.8944705289028572
343,2.856646463733332,1.8944705289028572
344,2.856697150999999,1.8944047118395748
345,2.8592291242666654,1.897478635711569
346,2.866280896599999,1.904560867748648
347,2.866280896599999,1.904560867748648
348,2.8674815139999987,1.9037266509972195
349,2.8684510124999982,1.9038727228396872
350,2.870693687999999,1.9044689807401607
351,2.872685303799999,1.903646053855184
352,2.872685303799999,1.903646053855184
353,2.872685303799999,1.903646053855184
354,2.876309443399999,1.9066774833207527
355,2.8763316550999987,1.9066445910903562
356,2.8763316550999987,1.9066445910903562
357,2.8763316550999987,1.9066445910903562
358,2.877570939733332,1.905793146823126
359,2.880565934699999,1.9053486682351977
360,2.8834418854333324,1.9059928503561856
361,2.8834418854333324,1.9059928503561856
362,2.884271580466666,1.9056713822186482
363,2.8854978448333317,1.9067232106185206
364,2.889217460766665,1.9135375810707567
365,2.889276371433332,1.9134698389313156
366,2.890671449699999,1.9134969555020613
367,2.890671449699999,1.9134969555020613
368,2.8928330340333326,1.9136334417427598
369,2.892985346466666,1.9138080993254474
370,2.894976374399999,1.9140254021261143
371,2.8954801218666657,1.9138870963983659
372,2.8970063462333324,1.9133283420669653
373,2.898773054966666,1.9162650525708407
374,2.899138222933333,1.9158689917471476
375,2.899602891866666,1.915556362365515
376,2.9004737824999993,1.914521803555034
377,2.901326271699999,1.9138738905533643
378,2.901439270099999,1.9138023646051794
379,2.901439270099999,1.9138023646051794
380,2.9024544331666657,1.9157649681362123
381,2.902559773899999,1.9157684506760615
382,2.903168898499999,1.9154958779264815
383,2.9078815564999982,1.91841093672092
384,2.9081243328333315,1.9188375412341652
385,2.9081243328333315,1.9188375412341652
386,2.9124814388666653,1.9198001574236527
387,2.9124814388666653,1.9198001574236527
388,2.9139092717999984,1.9215283678985888
389,2.9139092717999984,1.9215283678985888
390,2.9163381971666653,1.9208955017943512
391,2.9197172447999984,1.9201791786140285
392,2.9204722735333313,1.9197422957746384
393,2.9204722735333313,1.9197422957746384
394,2.9238551698333315,1.9225404450023145
395,2.924857327799998,1.9232863905831978
396,2.924857327799998,1.9232863905831978
397,2.926820877066665,1.9254744594670918
398,2.9278197821999985,1.9261428841434023
399,2.9278531629999986,1.9261117324097488
400,2.928074899333332,1.925850402965382
401,2.9304216262333314,1.9262485110196605
402,2.9328531989666646,1.9259361220095579
403,2.933120691199998,1.9262457337219612
404,2.933238798799998,1.9261204083993468
405,2.937123814533331,1.9254816332530793
406,2.937318884266664,1.9254569005144622
407,2.9427764245666643,1.9262831418108786
408,2.944018190733331,1.926347096544815
409,2.944018190733331,1.926347096544815
410,2.9458466669333307,1.926112598198271
411,2.9465006807333314,1.9256254858176067
412,2.9465006807333314,1.9256254858176067
413,2.9511809704666647,1.9266855331109214
414,2.952872748299998,1.9271166012445111
415,2.9555215136666653,1.9265536825046847
416,2.955613236233332,1.9264961865820502
417,2.9557993131666653,1.9262684305243896
418,2.959241425533332,1.9279029520333786
419,2.959352107633332,1.9278597872379606
420,2.959552712299999,1.9280185755768626
421,2.959552712299999,1.9280185755768626
422,2.9596078944666657,1.9279829813115228
423,2.963116706199999,1.9273642447569543
424,2.963136777833332,1.9273452098557535
425,2.9648005782333318,1.9266146368921393
426,2.9651355536333317,1.9264538915064835
427,2.9687537254999983,1.9272664601039868
428,2.9687537254999983,1.9272664601039868
429,2.971293065433332,1.9272981246488488
430,2.976601353166665,1.9312643794176783
431,2.9784832954999985,1.931874475946676
432,2.978995843899999,1.9319271012691277
433,2.9811926259999995,1.9327713274084084
434,2.9824494502333327,1.9316432182543233
435,2.9826455547666666,1.9315997341397582
436,2.9878865229999994,1.9413516497408474
437,2.987909905766666,1.9413314419704477
438,2.9883196586999996,1.941993838036186
439,2.9888208335999993,1.9426334799713312
440,2.991318964133333,1.9444014309232562
441,2.991318964133333,1.9444014309232562
442,2.991318964133333,1.9444014309232562
443,2.991318964133333,1.9444014309232562
444,2.9924630158333327,1.943014635516198
445,2.993504888866666,1.9434189800693187
446,2.9962004039666663,1.9428089059165212
447,2.9976202618,1.944095855021359
448,2.9976202618,1.944095855021359
449,3.000729918233333,1.9449344114509712
450,3.000729918233333,1.9449344114509712
451,3.0016627813666665,1.9460289839869782
452,3.004096009166666,1.9473642246967133
453,3.0075854758999996,1.949080302037004
454,3.0077549976666664,1.9490027604973168
455,3.0077549976666664,1.9490027604973168
456,3.008383887166666,1.9486942538522873
457,3.0090417764999997,1.9482948060003813
458,3.0090417764999997,1.9482948060003813
459,3.009771034366666,1.9484117746341523
460,3.0105617260999997,1.9477373436817997
461,3.011424302733333,1.948535473297744
462,3.013387072566666,1.9483954602433209
463,3.013387072566666,1.9483954602433209
464,3.013999312366666,1.9488452673141687
465,3.014974916099999,1.949910074171828
466,3.015026154066666,1.9498474391747047
467,3.0155671186333324,1.9494300300316778
468,3.0155671186333324,1.9494300300316778
469,3.0155671186333324,1.9494300300316778
470,3.017892960199999,1.9483038849181384
471,3.017899686666666,1.9482961680957156
472,3.0196005879999994,1.9482155000702155
473,3.0196005879999994,1.9482155000702155
474,3.0203951194333327,1.947679420144317
475,3.0215814404333323,1.947929964966968
476,3.0215814404333323,1.947929964966968
477,3.0215814404333323,1.947929964966968
478,3.023926704599999,1.951283633668908
479,3.024717051399999,1.9504728023695344
480,3.0249085980666655,1.9503450877436337
481,3.0258060341666657,1.949897040862202
482,3.026299798199999,1.9506146968458202
483,3.026620775766666,1.950284309225168
484,3.027663295366666,1.9512848690125464
485,3.0298487447999993,1.9535202623979293
486,3.0316674365999994,1.9527344549807915
487,3.033022846533333,1.9522761971258469
488,3.033022846533333,1.9522761971258469
489,3.0332447631999995,1.952048257922647
490,3.033992061666666,1.9519518603770338
491,3.0348484251666656,1.9513056138093055
492,3.0398766189999993,1.948371528904806
493,3.0425760705666662,1.9470615271672709
494,3.0448402554666663,1.9477642470673535
495,3.047833661266666,1.9462209694934367
496,3.0516678475333325,1.9460240912866684
497,3.0551084544333325,1.9446866563519405
498,3.0551518052333324,1.9446286056015956
499,3.0566824155333325,1.9437496034966855
500,3.0583766961999994,1.9452108284759795
501,3.0583766961999994,1.9452108284759795
502,3.0583766961999994,1.9452108284759795
503,3.0654570352999992,1.9456479955900248
504,3.0654570352999992,1.9456479955900248
505,3.0654570352999992,1.9456479955900248
506,3.0654570352999992,1.9456479955900248
507,3.065717765766666,1.945800024712327
508,3.0659776246999995,1.9456240541161223
509,3.0659776246999995,1.9456240541161223
510,3.0659776246999995,1.9456240541161223
511,3.067284856899999,1.9445444763940294
512,3.0676762230999985,1.9441721637357503
513,3.0680228882999994,1.9441824499775855
514,3.072604428333333,1.946569140526232
515,3.0763856694999996,1.9480710102398509
516,3.0781277795999995,1.948470426624754
517,3.0789364139666664,1.9482489075854605
518,3.080283213633333,1.9483103254855771
519,3.081515108833333,1.9487881864535308
520,3.0819626789666668,1.9489644728095006
521,3.0824582798666667,1.948636664772349
522,3.0837946807999996,1.9481267523542498
523,3.0845538996,1.949217509871429
524,3.0854344516333327,1.9499449068244614
525,3.086102306966666,1.949419955612381
526,3.087120096766666,1.94948921227279
527,3.088610779333333,1.9489520041284478
528,3.0905501556333332,1.9516806299244378
529,3.0933471614,1.9551073888075083
530,3.095742196433333,1.9559313001154135
531,3.0982749840999997,1.955779973756964
532,3.0985939713999997,1.9554133767785622
533,3.0992287175333333,1.9546882338783733
534,3.0993239496333334,1.9547115634670007
535,3.0998564489333336,1.95444582175248
536,3.1004684901000004,1.9549229245768336
537,3.1004684901000004,1.9549229245768336
538,3.1040297177,1.9560052673123076
539,3.1042280764000005,1.9561009178267879
540,3.1042908868000008,1.9560169915526904
541,3.1073176126,1.9578161112611236
542,3.107902380766667,1.9579725946489146
543,3.1102687613000004,1.960075213739447
544,3.113255089166667,1.9580981220736708
545,3.1135272348666674,1.9577963786533064
546,3.115728965,1.961982234541362
547,3.115728965,1.961982234541362
548,3.115901650233334,1.961869805491999
549,3.116363506200001,1.9622780575287437
550,3.1172170434666673,1.9621755490272124
551,3.1208484438000004,1.9654129232159558
552,3.122175204900001,1.9659939469310803
553,3.122175204900001,1.9659939469310803
554,3.123080684900001,1.965630693429947
555,3.123080684900001,1.965630693429947
556,3.1260473538666678,1.9644226463678915
557,3.1260727365333345,1.964384919898743
558,3.127506554500001,1.9630221135620887
559,3.127506554500001,1.9630221135620887
560,3.130110147933334,1.9647874151438147
561,3.130110147933334,1.9647874151438147
562,3.130110147933334,1.9647874151438147
563,3.1334164831333338,1.9680474245231885
564,3.1336913168666674,1.9677866446928267
565,3.1336913168666674,1.9677866446928267
566,3.1336913168666674,1.9677866446928267
567,3.134286057666668,1.9671527932672976
568,3.134683058300001,1.9670941201336392
569,3.134683058300001,1.9670941201336392
570,3.1357137218666677,1.9667139931954474
571,3.1357137218666677,1.9667139931954474
572,3.1394617394666673,1.9691462464615426
573,3.1408454176333342,1.9692006211406605
574,3.1413389233000006,1.9689081840240927
575,3.1438413810666663,1.9686510501082668
576,3.1440194551,1.9685320927585925
577,3.1447671822666665,1.9693739398170331
578,3.1461944450000003,1.9686451481565725
579,3.1492944409333337,1.9702630220894832
580,3.1492944409333337,1.9702630220894832
581,3.1502565005333336,1.9703062400204232
582,3.150306189400001,1.9703264456297125
583,3.1523163791000015,1.9729345368687286
584,3.152399159300001,1.9729447180703932
585,3.1536344650333348,1.9747032358919747
586,3.155506240566668,1.9749020348252102
587,3.1558592542666677,1.9752334974731536
588,3.155897617400001,1.9752284793641466
589,3.157861088566668,1.9771260223998481
590,3.158543874266668,1.9765491287630312
591,3.159337546766668,1.9759617370350573
592,3.160120629000001,1.9754930889195594
593,3.1602034265000003,1.9754453100290674
594,3.1602034265000003,1.9754453100290674
595,3.1607683867666676,1.975026640558255
596,3.1608496338000003,1.974999909316413
597,3.1608496338000003,1.974999909316413
598,3.1614237593666674,1.975059393907146
599,3.1621096226666667,1.9743790862943418
600,3.1621096226666667,1.9743790862943418
601,3.1648980168000005,1.975129026207185
602,3.1689394147333343,1.9765334445651013
603,3.170397565633334,1.9773524105362488
604,3.1714098734,1.976754324113417
605,3.1724864903,1.979181784305798
606,3.1751960888,1.977901994828893
607,3.1751960888,1.977901994828893
608,3.1752409093666674,1.9778627354113485
609,3.1754985923000003,1.9779490280707948
610,3.1770864459333334,1.9789146296030715
611,3.1785321157,1.9782513292693273
612,3.1786782924,1.9783203994300087
613,3.1786953064,1.978333624103585
614,3.1786953064,1.978333624103585
615,3.1786996502333333,1.9783401608771616
616,3.1794328687333335,1.9779277783100018
617,3.1794328687333335,1.9779277783100018
618,3.1794328687333335,1.9779277783100018
619,3.179577618,1.9779239903649137
620,3.180551507633333,1.979694091873814
621,3.180551507633333,1.979694091873814
622,3.1812755268,1.9793356471418861
623,3.182862447933333,1.978233156124165
624,3.1836044886333332,1.978174759673522
625,3.1837704601666665,1.9779951706971117
626,3.1856818513333334,1.978889041274691
627,3.1875434983,1.9794012348861865
628,3.188233604033334,1.9787881359843005
629,3.1903592145000004,1.9786723409877716
630,3.1911289516000005,1.9784196316095974
631,3.1947331599333335,1.9796026770502524
632,3.1980747658666666,1.9811400936027426
633,3.198369773166667,1.981638859091545
634,3.1998771660333336,1.9835776581252837
635,3.1999765613333335,1.9835016618211168
636,3.2007350499,1.984435092981135
637,3.2007350499,1.984435092981135
638,3.2007350499,1.984435092981135
639,3.2007350499,1.984435092981135
640,3.200792827500001,1.984448887650316
641,3.2010287705333336,1.9845773102095565
642,3.201734255,1.984083878418601
643,3.201734255,1.984083878418601
644,3.2031585815333337,1.9838959996099987
645,3.2048739919,1.984440294491031
646,3.2053508286666665,1.9841181787373117
647,3.2053508286666665,1.9841181787373117
648,3.2076819054000003,1.9885020912243854
649,3.2092205230333333,1.9895113245873448
650,3.209995521633333,1.9891569734074526
651,3.2109013476,1.9893404705837767
652,3.2178777632666664,1.9936675290351409
653,3.2196696925333335,1.9950647942256636
654,3.2215760457666667,1.9937985739041955
655,3.221579015,1.9937980913652427
656,3.221579015,1.9937980913652427
657,3.2294554452333335,1.9987184112571201
658,3.2294554452333335,1.9987184112571201
659,3.2297185754666664,1.998578527429293
660,3.23026636,1.9985586552154473
661,3.2303306187333334,1.9984842102906244
662,3.2329027637333336,1.9999425046615218
663,3.2329027637333336,1.9999425046615218
664,3.2338419728,2.0009154867112997
665,3.235355415966667,2.001849279852133
666,3.235630260866667,2.001538000458457
667,3.235630260866667,2.001538000458457
668,3.235630260866667,2.001538000458457
669,3.2383363513666668,2.0053270815663495
670,3.2383363513666668,2.0053270815663495
671,3.238484903066667,2.00524607390108
672,3.238814708,2.0048104520131313
673,3.2396431890333335,2.0046538754833128
674,3.2396431890333335,2.0046538754833128
675,3.2402821799333337,2.0039544937715084
676,3.240748623733333,2.0037418790114074
677,3.240748623733333,2.0037418790114074
678,3.240748623733333,2.0037418790114074
679,3.241680150633333,2.002691514086331
680,3.243643447366666,2.0022605462420695
681,3.2437435963666665,2.002147986135591
682,3.2437435963666665,2.002147986135591
683,3.2470423694333332,2.002487310318608
684,3.2515144310333337,2.007183094008863
685,3.2528945131,2.0058024365396054
686,3.2535797968000004,2.0058150182088545
687,3.2536314032000004,2.005836325079452
688,3.2536783006000003,2.0058361622807066
689,3.2549170662,2.0074920647032766
690,3.259638275666667,2.0099320041701314
691,3.259638275666667,2.0099320041701314
692,3.261138828166667,2.0121703371855886
693,3.2619674386000006,2.0123394449058485
694,3.2655256605666674,2.0138209120909263
695,3.2674243669666674,2.013382591994525
696,3.2674243669666674,2.013382591994525
697,3.2674243669666674,2.013382591994525
698,3.267631147400001,2.013540866689334
699,3.268323507733334,2.0141847434818807
700,3.270447897633334,2.0156562101831073
701,3.270447897633334,2.0156562101831073
702,3.270447897633334,2.0156562101831073
703,3.2706185020333334,2.015784195633973
704,3.2708021623000008,2.015540097470315
705,3.2708021623000008,2.015540097470315
706,3.2715078854666673,2.0158228333883916
707,3.2731043264000004,2.0160019398355833
708,3.2731043264000004,2.0160019398355833
709,3.2731043264000004,2.0160019398355833
710,3.273128990033334,2.0159799227331945
711,3.273128990033334,2.0159799227331945
712,3.2756365397666674,2.0158667729170827
713,3.275799062500001,2.015759040969647
714,3.2767279516333336,2.017007794665003
715,3.2768478576666675,2.017024662298562
716,3.2770910617000006,2.0168734420937007
717,3.2774733144000012,2.0174299095780452
718,3.2780473198333344,2.016934154527505
719,3.2800944521333344,2.0199358784471833
720,3.280794676300001,2.019270210326957
721,3.2809729738333346,2.0196347695508696
722,3.282101573366668,2.0197785541735493
723,3.282116379833335,2.0197825846030213
724,3.282116379833335,2.0197825846030213
725,3.282116379833335,2.0197825846030213
726,3.282116379833335,2.0197825846030213
727,3.286044761033335,2.0279890284809263
728,3.286136945033335,2.02788361039608
729,3.2874381349666675,2.0275509607011415
730,3.2874381349666675,2.0275509607011415
731,3.2874381349666675,2.0275509607011415
732,3.2875690879000015,2.027406857326309
733,3.287588005166668,2.027380318677128
734,3.287763711600001,2.0274218350603403
735,3.287763711600001,2.0274218350603403
736,3.287824690166668,2.0273441015266225
737,3.289547276366668,2.025817295533092
738,3.2901638179666683,2.025446306492123
739,3.2901638179666683,2.025446306492123
740,3.2909354466333345,2.0248552151883055
741,3.293602345966668,2.025115173715719
742,3.293602345966668,2.025115173715719
743,3.294900774766668,2.024242989289991
744,3.2955029634666677,2.0239197007833885
745,3.295831599500002,2.0238239395431448
746,3.295831599500002,2.0238239395431448
747,3.295831599500002,2.0238239395431448
748,3.2971790335666675,2.022423946665854
749,3.2972368368333345,2.0223687820404295
750,3.2980202126333342,2.0216697476737706
751,3.2984111330000006,2.0213548969701507
752,3.298631459333335,2.0212898378051616
753,3.298631459333335,2.0212898378051616
754,3.299013901600001,2.021234148849878
755,3.299013901600001,2.021234148849878
756,3.299013901600001,2.021234148849878
757,3.2998180047666676,2.0223302234687774
758,3.2998180047666676,2.0223302234687774
759,3.3003062512000008,2.021886760164041
760,3.3008810614666677,2.022463304050469
761,3.3011151696666685,2.0223679324870067
762,3.3024210870333346,2.024009131737837
763,3.3024210870333346,2.024009131737837
764,3.3055955897666673,2.025322940155338
765,3.306715297466667,2.025058998460446
766,3.306861578166667,2.0248535136643886
767,3.309219378766667,2.02421730009277
768,3.3118789260000003,2.024201373000302
769,3.3159237539666675,2.024526208483254
770,3.316640451800001,2.0239753256629784
771,3.3169064500000007,2.0237598715244864
772,3.319454836333334,2.023675300218562
773,3.319454836333334,2.023675300218562
774,3.3203189603000007,2.0230612267047383
775,3.3207600547000005,2.0233137414730367
776,3.3207600547000005,2.0233137414730367
777,3.3207600547000005,2.0233137414730367
778,3.3207600547000005,2.0233137414730367
779,3.3207600547000005,2.0233137414730367
780,3.3207971895333337,2.023287177541636
781,3.3207971895333337,2.023287177541636
782,3.3225237312333333,2.0235154622326985
783,3.3225237312333333,2.0235154622326985
784,3.3241121955333335,2.0246973895485727
785,3.3241121955333335,2.0246973895485727
786,3.3241121955333335,2.0246973895485727
787,3.324998582566667,2.0240579513033197
788,3.324998582566667,2.0240579513033197
789,3.324998582566667,2.0240579513033197
790,3.324998582566667,2.0240579513033197
791,3.325527388933334,2.023781545360428
792,3.325670887466667,2.023878776500433
793,3.327929236133334,2.0241876094039717
794,3.3299266317000007,2.024461590107178
795,3.3301652777333337,2.024193673578385
796,3.330664852033334,2.0239751258321292
797,3.331606435133334,2.0230593593917914
798,3.3317591531000006,2.023185112738786
799,3.332859223966667,2.0232783658912856
800,3.3334153768333334,2.023337038904658
801,3.3344568701333337,2.022972625663883
802,3.3365255789333337,2.0226965453589356
803,3.3365255789333337,2.0226965453589356
804,3.3365713943000004,2.0226975909850005
805,3.3371337730666673,2.023678037339139
806,3.3371337730666673,2.023678037339139
807,3.3378040364000006,2.024111212631474
808,3.3389291675333337,2.0242334918979363
809,3.3395986091000007,2.0252713858305182
810,3.339860817433334,2.0252881072093536
811,3.340655650966667,2.024837022290408
812,3.340760122700001,2.0247971761111376
813,3.3443268250000004,2.0251462609839903
814,3.3443268250000004,2.0251462609839903
815,3.3472898811333334,2.0260504543007514
816,3.3475126512,2.0263804865773043
817,3.3475126512,2.0263804865773043
818,3.3475126512,2.0263804865773043
819,3.3481666196666673,2.0261349151496018
820,3.350593298666667,2.0282095006480185
821,3.3548033632,2.0298457007802013
822,3.3559239789333337,2.0310928223480693
823,3.3583799480000005,2.0300521609866364
824,3.3599939264,2.0309759840893657
825,3.3600523292333335,2.0308999293942356
826,3.3606775111666667,2.0311288358160895
827,3.3654462263000005,2.0347561908395484
828,3.3654462263000005,2.0347561908395484
829,3.366207487733334,2.0352315050026797
830,3.3682722446333333,2.035087882511007
831,3.3682722446333333,2.035087882511007
832,3.3694380422666668,2.036218508075464
833,3.369777907433334,2.035897778083052
834,3.369777907433334,2.035897778083052
835,3.3713333544333337,2.0350498378851984
836,3.3716999643333336,2.0356314991623585
837,3.3716999643333336,2.0356314991623585
838,3.3724843214333333,2.0351525740040786
839,3.3724843214333333,2.0351525740040786
840,3.3725020513333335,2.0351433365856857
841,3.3725020513333335,2.0351433365856857
842,3.3725020513333335,2.0351433365856857
843,3.3725020513333335,2.0351433365856857
844,3.3730438465333337,2.035987657260671
845,3.3739672551000006,2.0351491288654233
846,3.374103339966667,2.0351219594638765
847,3.374103339966667,2.0351219594638765
848,3.3766774131666666,2.0348616987815875
849,3.379057468766667,2.0331263145405267
850,3.379057468766667,2.0331263145405267
851,3.3793228175000003,2.032912113791744
852,3.3802416287333337,2.033420594396739
853,3.3817036228666666,2.0317838020872028
854,3.3832094312333334,2.032960550908666
855,3.3832094312333334,2.032960550908666
856,3.3832094312333334,2.032960550908666
857,3.3832094312333334,2.032960550908666
858,3.3836633695333336,2.0330029272925163
859,3.3838810158,2.0330337361517055
860,3.3838810158,2.0330337361517055
861,3.3838810158,2.0330337361517055
862,3.3841148722,2.0329746992957123
863,3.3841148722,2.0329746992957123
864,3.3841148722,2.0329746992957123
865,3.385668336966667,2.031643334249341
866,3.385668336966667,2.031643334249341
867,3.385668336966667,2.031643334249341
868,3.385668336966667,2.031643334249341
869,3.385668336966667,2.031643334249341
870,3.385668336966667,2.031643334249341
871,3.3858134620333336,2.031719492835986
872,3.3860269056000005,2.031420892790992
873,3.3863830870333334,2.0313531292553333
874,3.3867239599666665,2.0309165318428177
875,3.3869705786333335,2.0309607469356474
876,3.3869705786333335,2.0309607469356474
877,3.387339607000001,2.030478862135315
878,3.387339607000001,2.030478862135315
879,3.387339607000001,2.030478862135315
880,3.3880271450333344,2.029909066251527
881,3.389995205800001,2.032804635328078
882,3.390707806066667,2.0330853829082063
883,3.3925231002000005,2.03251342028362
884,3.3943536655666673,2.033385731359374
885,3.3958474551000006,2.035661869165735
886,3.3958474551000006,2.035661869165735
887,3.396208238200001,2.0358700505267513
888,3.396208238200001,2.0358700505267513
889,3.3970894522000012,2.0352873796008795
890,3.399144070866668,2.0348416292215856
891,3.399144070866668,2.0348416292215856
892,3.399144070866668,2.0348416292215856
893,3.399144070866668,2.0348416292215856
894,3.399144070866668,2.0348416292215856
895,3.4005640610333345,2.036491994459583
896,3.4005640610333345,2.036491994459583
897,3.4005640610333345,2.036491994459583
898,3.4005640610333345,2.036491994459583
899,3.4005640610333345,2.036491994459583
900,3.4007729934000017,2.03635369093856
901,3.401247565266668,2.0369478363872706
902,3.4014665908000015,2.036696549738484
903,3.402034234233335,2.036642642415346
904,3.402403539566668,2.0362574353586553
905,3.405579964100001,2.0396726050520115
906,3.405602674700001,2.0396782116626215
907,3.412632220366668,2.0385614705986423
908,3.416408167833335,2.039454252431286
909,3.417371025433334,2.0404849508977656
910,3.419233541533334,2.0410355189405522
911,3.4192998511333332,2.0410626771345606
912,3.4196818677,2.0408802677237436
913,3.419880941433334,2.0406853836782317
914,3.419967142100001,2.0407163297687054
915,3.419967142100001,2.0407163297687054
916,3.421842967266667,2.0411152574798086
917,3.4223059325,2.041269606930986
918,3.422539043833334,2.0411284228241406
919,3.422539043833334,2.0411284228241406
920,3.4250669899,2.043386205319101
921,3.425305767466667,2.043036646378371
922,3.4254389428000005,2.04308661937516
923,3.4255443018000005,2.042918593101573
924,3.4258140224666676,2.0430123069996022
925,3.4258140224666676,2.0430123069996022
926,3.4258140224666676,2.0430123069996022
927,3.427378633733334,2.044098318778613
928,3.427503913633334,2.0439629076395978
929,3.4276027332333334,2.043891520739901
930,3.427710160933334,2.0439296147616073
931,3.428792265066667,2.0435130997456006
932,3.4309117137000005,2.044171304441163
933,3.4309117137000005,2.044171304441163
934,3.4310571854333336,2.044021718869433
935,3.4312264435000004,2.0437535517585332
936,3.431668910266667,2.0444795897197126
937,3.433746365533334,2.0447223419802665
938,3.4372060954666668,2.0467888043072673
939,3.438561981566667,2.046731833832204
940,3.4393427912666668,2.0466074618666084
941,3.440058817466667,2.0466344405541714
942,3.442268750266666,2.0466953154457026
943,3.442271658166666,2.046696313445349
944,3.442271658166666,2.046696313445349
945,3.443195181,2.045448242055323
946,3.4443432871666664,2.0465453079909706
947,3.4443432871666664,2.0465453079909706
948,3.4443432871666664,2.0465453079909706
949,3.4443432871666664,2.0465453079909706
950,3.4443432871666664,2.0465453079909706
951,3.4444563825666665,2.0463845747261376
952,3.4460746073999995,2.0455317314991786
953,3.4471445665666662,2.045066717127292
954,3.447474435566666,2.0449053243201516
955,3.447474435566666,2.0449053243201516
956,3.447589390066666,2.04477737223031
957,3.4482330898333324,2.044870573372538
958,3.4482330898333324,2.044870573372538
959,3.4482330898333324,2.044870573372538
960,3.4482330898333324,2.044870573372538
961,3.449617516499999,2.043228076175407
962,3.450342944799999,2.0439885022338884
963,3.450684536399999,2.044355760419139
964,3.450684536399999,2.044355760419139
965,3.4532468353,2.043069496975868
966,3.4566345936666667,2.0445508681959614
967,3.4566345936666667,2.0445508681959614
968,3.4566958531333336,2.0446027210641473
969,3.4598017362333335,2.0436099543727524
970,3.4598017362333335,2.0436099543727524
971,3.459883381766667,2.043621667503318
972,3.462146479166667,2.0447516413119957
973,3.462146479166667,2.0447516413119957
974,3.4659450201000004,2.048317134538002
975,3.467525134566667,2.049839102757751
976,3.467525134566667,2.049839102757751
977,3.467525134566667,2.049839102757751
978,3.4684422079333332,2.050099516990509
979,3.471516689266667,2.0523886699478404
980,3.471516689266667,2.0523886699478404
981,3.4716751521,2.052376858150291
982,3.4716751521,2.052376858150291
983,3.4721009136,2.0523468093890385
984,3.4721009136,2.0523468093890385
985,3.4721009136,2.0523468093890385
986,3.4721009136,2.0523468093890385
987,3.4721009136,2.0523468093890385
988,3.4721009136,2.0523468093890385
989,3.473671817833332,2.050789736749038
990,3.473671817833332,2.050789736749038
991,3.475567384399999,2.0495284182718905
992,3.475567384399999,2.0495284182718905
993,3.4769256532666653,2.050545966936007
994,3.477941587433332,2.0523623343817756
995,3.478423133133332,2.052585714800943
996,3.478423133133332,2.052585714800943
997,3.478423133133332,2.052585714800943
998,3.4789848947333324,2.0522230870728513
999,3.4789848947333324,2.0522230870728513
1000,3.480748895566666,2.0521874251133947
1001,3.480748895566666,2.0521874251133947
1002,3.481829030733332,2.051895364657298
1003,3.481829030733332,2.051895364657298
1004,3.481962824199999,2.0521055306732525
1005,3.4849465063666654,2.0536823648115963
1006,3.4849465063666654,2.0536823648115963
1007,3.4849465063666654,2.0536823648115963
1008,3.4861654929666654,2.055309965610987
1009,3.4861654929666654,2.055309965610987
1010,3.4861654929666654,2.055309965610987
1011,3.486467422566665,2.0553484465157252
1012,3.4871626773666646,2.0549236405236453
1013,3.488033112366665,2.0542528018312765
1014,3.488033112366665,2.0542528018312765
1015,3.4893965464333316,2.054852967643373
1016,3.4893965464333316,2.054852967643373
1017,3.4904976713999987,2.0554174004468524
1018,3.4904976713999987,2.0554174004468524
1019,3.4910249545666656,2.0549633227771156
1020,3.4913578915333314,2.0547221972268845
1021,3.4918370924999986,2.05473898654432
1022,3.4931759722333324,2.0544759162153716
1023,3.4931759722333324,2.0544759162153716
1024,3.494833793999999,2.0549736231024287
1025,3.495872320333332,2.0566339309049604
1026,3.496906602366665,2.057796991845525
1027,3.496906602366665,2.057796991845525
1028,3.496906602366665,2.057796991845525
1029,3.4970910080666653,2.058059525829927
1030,3.4970910080666653,2.058059525829927
1031,3.4971026310666655,2.0580514772224485
1032,3.4971026310666655,2.0580514772224485
1033,3.497745617533332,2.058433244968166
1034,3.498295398433332,2.0583748609789265
1035,3.498295398433332,2.0583748609789265
1036,3.4983821921666647,2.058279745776161
1037,3.4983821921666647,2.058279745776161
1038,3.4999519738999987,2.060679134131102
1039,3.4999519738999987,2.060679134131102
1040,3.5019856018999986,2.062442729466565
1041,3.504065290699999,2.0629852684273184
1042,3.5051049071999985,2.0634684044544414
1043,3.5051049071999985,2.0634684044544414
1044,3.505498994199998,2.0635767370408344
1045,3.5055753229666653,2.0635080138043227
1046,3.5059185523999994,2.0630828683401212
1047,3.5064553327666657,2.062731745135348
1048,3.5083141444666657,2.0654895936047315
1049,3.5105741658333325,2.0659660804871294
1050,3.5111110730999995,2.066672277474337
1051,3.5111110730999995,2.066672277474337
1052,3.512404104966666,2.06735530216349
1053,3.5145537615666655,2.069334469689476
1054,3.5158022102666653,2.071160875871237
1055,3.5158022102666653,2.071160875871237
1056,3.5158022102666653,2.071160875871237
1057,3.5158022102666653,2.071160875871237
1058,3.516104488766666,2.07096524337869
1059,3.5168545101333324,2.071266444853798
1060,3.5172651142999993,2.071034332732533
1061,3.5172651142999993,2.071034332732533
1062,3.517592375533333,2.0714259082562974
1063,3.517592375533333,2.0714259082562974
1064,3.5176019721333325,2.0714365294644135
1065,3.5176019721333325,2.0714365294644135
1066,3.5185392553999995,2.0717838510900264
1067,3.519149962133333,2.071740257961042
1068,3.519149962133333,2.071740257961042
1069,3.519149962133333,2.071740257961042
1070,3.519149962133333,2.071740257961042
1071,3.519149962133333,2.071740257961042
1072,3.519149962133333,2.071740257961042
1073,3.519879681766666,2.071997055257533
1074,3.519879681766666,2.071997055257533
1075,3.519887516699999,2.0719905898919597
1076,3.519887516699999,2.0719905898919597
1077,3.521389837599999,2.07397863397908
1078,3.5228554963333325,2.0736256743726575
1079,3.5233994856999993,2.0730908495843345
1080,3.5233994856999993,2.0730908495843345
1081,3.5245896585999996,2.0745692981820945
1082,3.5245896585999996,2.0745692981820945
1083,3.5245896585999996,2.0745692981820945
1084,3.5245896585999996,2.0745692981820945
1085,3.5245896585999996,2.0745692981820945
1086,3.5245896585999996,2.0745692981820945
1087,3.5248124830666656,2.0745690636586165
1088,3.5250586327999995,2.0745694660554492
1089,3.5255167139999997,2.0745302828169967
1090,3.5255167139999997,2.0745302828169967
1091,3.5255167139999997,2.0745302828169967
1092,3.5255167139999997,2.0745302828169967
1093,3.5255167139999997,2.0745302828169967
1094,3.5255167139999997,2.0745302828169967
1095,3.525628904799999,2.0745162321214257
1096,3.525628904799999,2.0745162321214257
1097,3.5271791134666666,2.0739494215056875
1098,3.529014190866666,2.0768594960241935
1099,3.5301158762999996,2.077513608738011
1100,3.5301158762999996,2.077513608738011
1101,3.530453745166666,2.0775834683082373
1102,3.530778947933333,2.0772896311203284
1103,3.530778947933333,2.0772896311203284
1104,3.5315611437333327,2.07790469738612
1105,3.5318299775999997,2.078019285349519
1106,3.5329497744999996,2.078736970459964
1107,3.5330114071333325,2.078687633175903
1108,3.5330114071333325,2.078687633175903
1109,3.5331556212333326,2.078798260595699
1110,3.5350160607,2.0803748324173275
1111,3.5354729980333333,2.0800810558420686
1112,3.5354729980333333,2.0800810558420686
1113,3.5354729980333333,2.0800810558420686
1114,3.5354729980333333,2.0800810558420686
1115,3.5354729980333333,2.0800810558420686
1116,3.5359445693333336,2.0806580441103857
1117,3.5359445693333336,2.0806580441103857
1118,3.5359445693333336,2.0806580441103857
1119,3.5359445693333336,2.0806580441103857
1120,3.536584119233334,2.081580205602526
1121,3.536584119233334,2.081580205602526
1122,3.5374051575333336,2.082536530876953
1123,3.5375958871000006,2.082842805083066
1124,3.5377705687,2.082776387499753
1125,3.5377705687,2.082776387499753
1126,3.5395635466333335,2.0850425093650147
1127,3.5404071142000006,2.083999528379394
1128,3.540513431466667,2.083986505814889
1129,3.5410805421666667,2.084179789433293
1130,3.5419861630666665,2.0842349990365263
1131,3.5427218426000007,2.084551316281916
1132,3.5431858480666674,2.084042806231486
1133,3.5431858480666674,2.084042806231486
1134,3.5435941650333334,2.0840287127610226
1135,3.543777788666667,2.084125915024044
1136,3.543777788666667,2.084125915024044
1137,3.543777788666667,2.084125915024044
1138,3.5457137562333334,2.0862801461769984
1139,3.5457137562333334,2.0862801461769984
1140,3.5457137562333334,2.0862801461769984
1141,3.547993666033333,2.0867131622437065
1142,3.548790916866666,2.085964051848134
1143,3.548875315866667,2.085889864442524
1144,3.549323937233333,2.0864581636285666
1145,3.549323937233333,2.0864581636285666
1146,3.549323937233333,2.0864581636285666
1147,3.549323937233333,2.0864581636285666
1148,3.549323937233333,2.0864581636285666
1149,3.549323937233333,2.0864581636285666
1150,3.5498294892999995,2.08592422047905
1151,3.5498294892999995,2.08592422047905
1152,3.5498294892999995,2.08592422047905
1153,3.5517713776666655,2.087820698652067
1154,3.5521037146999994,2.0875382737518198
1155,3.5521037146999994,2.0875382737518198
1156,3.5529092776666653,2.0876185945224552
1157,3.5529157645333322,2.087616551711545
1158,3.5529157645333322,2.087616551711545
1159,3.5529157645333322,2.087616551711545
1160,3.5530397233666653,2.0877517660241973
1161,3.5532501529333325,2.087552091256196
1162,3.5547371089666657,2.089200432293039
1163,3.5547371089666657,2.089200432293039
1164,3.5547371089666657,2.089200432293039
1165,3.5547371089666657,2.089200432293039
1166,3.5547371089666657,2.089200432293039
1167,3.554825172099999,2.0892637054228436
1168,3.554825172099999,2.0892637054228436
1169,3.554825172099999,2.0892637054228436
1170,3.554825172099999,2.0892637054228436
1171,3.554825172099999,2.0892637054228436
1172,3.554825172099999,2.0892637054228436
1173,3.554825172099999,2.0892637054228436
1174,3.5568387180666656,2.093152310171846
1175,3.5573154953333326,2.092774637406352
1176,3.5573154953333326,2.092774637406352
1177,3.5573154953333326,2.092774637406352
1178,3.5602656156999988,2.096244180292014
1179,3.5602656156999988,2.096244180292014
1180,3.5602656156999988,2.096244180292014
1181,3.5609918234999984,2.0968729094781686
1182,3.5614390205666653,2.096311106028206
1183,3.5614390205666653,2.096311106028206
1184,3.5620307992333324,2.0959469519676905
1185,3.5629761809333322,2.0970418757704627
1186,3.5629761809333322,2.0970418757704627
1187,3.564735146233332,2.099207213803488
1188,3.565295697833332,2.0993509292702806
1189,3.566482729666665,2.098723677415158
1190,3.566544680366665,2.098642403108137
1191,3.568461646066665,2.0973508858080407
1192,3.568461646066665,2.0973508858080407
1193,3.5685431675333317,2.0974467234967333
1194,3.5685431675333317,2.0974467234967333
1195,3.5711310355666646,2.0979671204587045
1196,3.5711310355666646,2.0979671204587045
1197,3.571594588866665,2.0981293989122385
1198,3.573167319833331,2.0986879735511965
1199,3.5764106794333315,2.0985148676542664
1200,3.5764106794333315,2.0985148676542664
1201,3.5781090534666644,2.09870700112384
1202,3.5781090534666644,2.09870700112384
1203,3.5781090534666644,2.09870700112384
1204,3.5781090534666644,2.09870700112384
1205,3.5784309434999977,2.098712409587059
1206,3.5794827374666647,2.09957965360755
1207,3.5794827374666647,2.09957965360755
1208,3.5794827374666647,2.09957965360755
1209,3.5794827374666647,2.09957965360755
1210,3.5794827374666647,2.09957965360755
1211,3.5794827374666647,2.09957965360755
1212,3.5797322334666646,2.099234729207896
1213,3.580394212333331,2.0995634721328806
1214,3.5804213449333306,2.099540056438345
1215,3.5810613518666643,2.0991000126355557
1216,3.5810613518666643,2.0991000126355557
1217,3.5824714749666637,2.100575450766399
1218,3.582758436899997,2.10095378146047
1219,3.5832233211999975,2.1009133269662157
1220,3.5832233211999975,2.1009133269662157
1221,3.584271859333331,2.1022205241815626
1222,3.584378246399998,2.1021116585178277
1223,3.584378246399998,2.1021116585178277
1224,3.585300807033331,2.1032846151630036
1225,3.585300807033331,2.1032846151630036
1226,3.585300807033331,2.1032846151630036
1227,3.585300807033331,2.1032846151630036
1228,3.5853932339999974,2.1031566526737024
1229,3.5853932339999974,2.1031566526737024
1230,3.5867711355333305,2.1027449647395255
1231,3.588199117699997,2.1029408965291716
1232,3.5888866367666634,2.1028359601290254
1233,3.59106550193333,2.103820710436839
1234,3.5913240457333298,2.1036026189987758
1235,3.5913240457333298,2.1036026189987758
1236,3.5913240457333298,2.1036026189987758
1237,3.5913240457333298,2.1036026189987758
1238,3.59154725433333,2.1032958894000577
1239,3.591882707666663,2.1031004317379796
1240,3.592242983566664,2.1027769199647177
1241,3.5922980680999967,2.102697515042583
1242,3.5946522429666636,2.102602591650687
1243,3.5950821232333308,2.102327073744511
1244,3.597536607066664,2.1022493420228194
1245,3.598351280333331,2.101358768556853
1246,3.59843797853333,2.101264172517052
1247,3.59843797853333,2.101264172517052
1248,3.599536633066663,2.1014258548945484
1249,3.599781113499996,2.1016090376079397
1250,3.600028537999996,2.1013588976621325
1251,3.60157260263333,2.101753460046667
1252,3.60157260263333,2.101753460046667
1253,3.60157260263333,2.101753460046667
1254,3.60157260263333,2.101753460046667
1255,3.60182045813333,2.1020042663352094
1256,3.6030865829333294,2.103850899012971
1257,3.603852012499997,2.1041237172439176
1258,3.603852012499997,2.1041237172439176
1259,3.6041498968333303,2.1043498709945685
1260,3.6041498968333303,2.1043498709945685
1261,3.6041498968333303,2.1043498709945685
1262,3.6041498968333303,2.1043498709945685
1263,3.6042768075333305,2.1042953442821966
1264,3.61022406813333,2.109997897030978
1265,3.611188023699997,2.1097501996228605
1266,3.6114682650333307,2.1093167976146474
1267,3.6115634877999976,2.1091988250396083
1268,3.6115634877999976,2.1091988250396083
1269,3.611925927066664,2.109203330298499
1270,3.611925927066664,2.109203330298499
1271,3.611925927066664,2.109203330298499
1272,3.611925927066664,2.109203330298499
1273,3.612071603433331,2.1094020779848366
1274,3.612071603433331,2.1094020779848366
1275,3.612071603433331,2.1094020779848366
1276,3.612071603433331,2.1094020779848366
1277,3.612336151999998,2.1093670820681396
1278,3.6126398116999976,2.109608813686363
1279,3.6135078498999973,2.1110275167940893
1280,3.6135078498999973,2.1110275167940893
1281,3.6135078498999973,2.1110275167940893
1282,3.6135078498999973,2.1110275167940893
1283,3.6135078498999973,2.1110275167940893
1284,3.6135078498999973,2.1110275167940893
1285,3.614460955633331,2.110106842975565
1286,3.614460955633331,2.110106842975565
1287,3.614460955633331,2.110106842975565
1288,3.614460955633331,2.110106842975565
1289,3.614460955633331,2.110106842975565
1290,3.614460955633331,2.110106842975565
1291,3.614460955633331,2.110106842975565
1292,3.614460955633331,2.110106842975565
1293,3.6151543415666643,2.110137284452547
1294,3.6151543415666643,2.110137284452547
1295,3.6151543415666643,2.110137284452547
1296,3.6151543415666643,2.110137284452547
1297,3.6153943495333305,2.1100596199672355
1298,3.6153943495333305,2.1100596199672355
1299,3.6165865444333303,2.109072736320362
1300,3.6165865444333303,2.109072736320362
1301,3.6165865444333303,2.109072736320362
1302,3.6169884449666636,2.10865399840369
1303,3.6169884449666636,2.10865399840369
1304,3.617536381599997,2.1084419655564646
1305,3.617536381599997,2.1084419655564646
1306,3.6180511932999972,2.108938752685162
1307,3.619945356666664,2.1100713898910257
1308,3.619945356666664,2.1100713898910257
1309,3.620287449533331,2.110642919322357
1310,3.620547443066664,2.110298494607944
1311,3.620547443066664,2.110298494607944
1312,3.621443685166664,2.110635428454918
1313,3.621443685166664,2.110635428454918
1314,3.621443685166664,2.110635428454918
1315,3.6231412476333307,2.1113963877073743
1316,3.623521051066664,2.112054914105299
1317,3.623521051066664,2.112054914105299
1318,3.623521051066664,2.112054914105299
1319,3.623588834033331,2.11201471016632
1320,3.623588834033331,2.11201471016632
1321,3.623588834033331,2.11201471016632
1322,3.623588834033331,2.11201471016632
1323,3.623588834033331,2.11201471016632
1324,3.624131215399998,2.1123915536954967
1325,3.624131215399998,2.1123915536954967
1326,3.6247305308999973,2.112520719550309
1327,3.6295846864666648,2.1111710367716374
1328,3.6303692843666653,2.111615272723315
1329,3.6303692843666653,2.111615272723315
1330,3.6303692843666653,2.111615272723315
1331,3.6303692843666653,2.111615272723315
1332,3.6308064915666654,2.112285207294796
1333,3.6325150039999987,2.112102517209151
1334,3.6325150039999987,2.112102517209151
1335,3.6325150039999987,2.112102517209151
1336,3.634632764066665,2.1115472984012364
1337,3.6359789240333322,2.1119660006490664
1338,3.6378745382666664,2.1111714969307807
1339,3.6378745382666664,2.1111714969307807
1340,3.6378745382666664,2.1111714969307807
1341,3.6378745382666664,2.1111714969307807
1342,3.6378745382666664,2.1111714969307807
1343,3.638382985966666,2.110580767541647
1344,3.638382985966666,2.110580767541647
1345,3.638382985966666,2.110580767541647
1346,3.638382985966666,2.110580767541647
1347,3.6386209651,2.1102305091589133
1348,3.638781780266666,2.1102097655509584
1349,3.638781780266666,2.1102097655509584
1350,3.638781780266666,2.1102097655509584
1351,3.638805059433333,2.1101709403345654
1352,3.6394370701333334,2.1097584734519876
1353,3.6394370701333334,2.1097584734519876
1354,3.6394370701333334,2.1097584734519876
1355,3.639468050099999,2.1097495794628176
1356,3.6413585148333323,2.107939462434531
1357,3.642339582899999,2.107897826906587
1358,3.643170161566666,2.1071504132572376
1359,3.643403316599999,2.1070741791162613
1360,3.643406154866666,2.1070755685233666
1361,3.6442674755333324,2.108474398809044
1362,3.6442674755333324,2.108474398809044
1363,3.6442674755333324,2.108474398809044
1364,3.6460811529999995,2.1101018346935225
1365,3.6460811529999995,2.1101018346935225
1366,3.646179216133333,2.110238083109293
1367,3.646179216133333,2.110238083109293
1368,3.646179216133333,2.110238083109293
1369,3.646179216133333,2.110238083109293
1370,3.6462744344666667,2.11025037169702
1371,3.6462744344666667,2.11025037169702
1372,3.646413638466666,2.1100572229249326
1373,3.646413638466666,2.1100572229249326
1374,3.646413638466666,2.1100572229249326
1375,3.646413638466666,2.1100572229249326
1376,3.646413638466666,2.1100572229249326
1377,3.646413638466666,2.1100572229249326
1378,3.649143941233333,2.1117585082649524
1379,3.649855341533333,2.11236295486622
1380,3.649855341533333,2.11236295486622
1381,3.649855341533333,2.11236295486622
1382,3.6500604349999994,2.112222935265808
1383,3.6500604349999994,2.112222935265808
1384,3.6500604349999994,2.112222935265808
1385,3.6509468501999995,2.111377905312347
1386,3.6525751833333335,2.114434730461254
1387,3.6531755882,2.115060180753732
1388,3.6531755882,2.115060180753732
1389,3.6531755882,2.115060180753732
1390,3.6534672518000004,2.1146701664832523
1391,3.6536487992000004,2.1144909240979186
1392,3.6536487992000004,2.1144909240979186
1393,3.6536487992000004,2.1144909240979186
1394,3.6536487992000004,2.1144909240979186
1395,3.6536487992000004,2.1144909240979186
1396,3.6536487992000004,2.1144909240979186
1397,3.6536487992000004,2.1144909240979186
1398,3.6536487992000004,2.1144909240979186
1399,3.6536487992000004,2.1144909240979186
1400,3.6536487992000004,2.1144909240979186
1401,3.6536487992000004,2.1144909240979186
1402,3.6536487992000004,2.1144909240979186
1403,3.6536487992000004,2.1144909240979186
1404,3.6536487992000004,2.1144909240979186
1405,3.6536487992000004,2.1144909240979186
1406,3.6536487992000004,2.1144909240979186
1407,3.6536487992000004,2.1144909240979186
1408,3.6547067864000002,2.1148985974112713
1409,3.6547067864000002,2.1148985974112713
1410,3.658106051866667,2.1156615648221067
1411,3.6582341043000004,2.1155509382202617
1412,3.6582341043000004,2.1155509382202617
1413,3.658308955633334,2.1154933207482967
1414,3.6584494128000005,2.115306424750065
1415,3.6589223253666674,2.1152601138614098
1416,3.6589223253666674,2.1152601138614098
1417,3.6589223253666674,2.1152601138614098
1418,3.659078327133334,2.1150843430502317
1419,3.659078327133334,2.1150843430502317
1420,3.6607869930666674,2.1156079386491804
1421,3.6607869930666674,2.1156079386491804
1422,3.6607869930666674,2.1156079386491804
1423,3.6607869930666674,2.1156079386491804
1424,3.6607869930666674,2.1156079386491804
1425,3.6607869930666674,2.1156079386491804
1426,3.660827607066667,2.115637813825965
1427,3.6610268288,2.1157534023914875
1428,3.6610268288,2.1157534023914875
1429,3.6610268288,2.1157534023914875
1430,3.6610268288,2.1157534023914875
1431,3.6616531261666667,2.1160102360225177
1432,3.6618837043999997,2.115992297958745
1433,3.6618837043999997,2.115992297958745
1434,3.6618837043999997,2.115992297958745
1435,3.6618837043999997,2.115992297958745
1436,3.6618837043999997,2.115992297958745
1437,3.6629183425666665,2.1168189352451785
1438,3.665337676333333,2.1185514125528906
1439,3.665337676333333,2.1185514125528906
1440,3.665337676333333,2.1185514125528906
1441,3.665337676333333,2.1185514125528906
1442,3.665860220399999,2.1190223873993723
1443,3.665860220399999,2.1190223873993723
1444,3.6668235090333328,2.1204904179148443
1445,3.6672948665333327,2.1203094491972148
1446,3.6672948665333327,2.1203094491972148
1447,3.6672948665333327,2.1203094491972148
1448,3.6672948665333327,2.1203094491972148
1449,3.6672948665333327,2.1203094491972148
1450,3.6672948665333327,2.1203094491972148
1451,3.6672948665333327,2.1203094491972148
1452,3.667645126366666,2.1199581418342746
1453,3.6678642605999996,2.1202798954783186
1454,3.6682185556333327,2.120467873990462
1455,3.6682185556333327,2.120467873990462
1456,3.6682185556333327,2.120467873990462
1457,3.6682185556333327,2.120467873990462
1458,3.6690101632999994,2.12194809328537
1459,3.6690101632999994,2.12194809328537
1460,3.6690101632999994,2.12194809328537
1461,3.6690101632999994,2.12194809328537
1462,3.6690101632999994,2.12194809328537
1463,3.6690101632999994,2.12194809328537
1464,3.670569631799999,2.1245934252974146
1465,3.670569631799999,2.1245934252974146
1466,3.6706590393666656,2.1244844716603213
1467,3.670856365499999,2.124253982727695
1468,3.672186076266666,2.1237135789173487
1469,3.6731631720333335,2.1231646894590477
1470,3.6738567444,2.1230405578411693
1471,3.6740456791000002,2.1228245934651118
1472,3.674269108966667,2.122617069033976
1473,3.676209207033334,2.124229315044492
1474,3.676209207033334,2.124229315044492
1475,3.6762147305666675,2.1242200776423825
1476,3.6764189053000003,2.1244187480748544
1477,3.6764189053000003,2.1244187480748544
1478,3.6764189053000003,2.1244187480748544
1479,3.6766920397000007,2.124169479696071
1480,3.6766920397000007,2.124169479696071
1481,3.6766920397000007,2.124169479696071
1482,3.6766920397000007,2.124169479696071
1483,3.6766920397000007,2.124169479696071
1484,3.6766920397000007,2.124169479696071
1485,3.6767425855333333,2.1241512552150836
1486,3.6767425855333333,2.1241512552150836
1487,3.6767425855333333,2.1241512552150836
1488,3.6767425855333333,2.1241512552150836
1489,3.6767425855333333,2.1241512552150836
1490,3.6767425855333333,2.1241512552150836
1491,3.6767425855333333,2.1241512552150836
1492,3.6767425855333333,2.1241512552150836
1493,3.676877450633334,2.123983148106331
1494,3.676877450633334,2.123983148106331
1495,3.6770940407333335,2.123800701336085
1496,3.678805527366667,2.126199965000378
1497,3.678805527366667,2.126199965000378
1498,3.6802794191333335,2.125813122977091
1499,3.6802794191333335,2.125813122977091
1500,3.6802794191333335,2.125813122977091
1501,3.6803318620333334,2.12579349651862
1502,3.6804229332666667,2.1258303513473336
1503,3.6816423209000004,2.1251742348220155
1504,3.6816423209000004,2.1251742348220155
1505,3.6816423209000004,2.1251742348220155
1506,3.6816423209000004,2.1251742348220155
1507,3.6816423209000004,2.1251742348220155
1508,3.6816423209000004,2.1251742348220155
1509,3.6816423209000004,2.1251742348220155
1510,3.6816423209000004,2.1251742348220155
1511,3.6829039440333333,2.1252031281738404
1512,3.6829039440333333,2.1252031281738404
1513,3.6829039440333333,2.1252031281738404
1514,3.6837298819666673,2.126473325450982
1515,3.6837298819666673,2.126473325450982
1516,3.6837298819666673,2.126473325450982
1517,3.6850687006666667,2.1266897017215345
1518,3.6850687006666667,2.1266897017215345
1519,3.6850687006666667,2.1266897017215345
1520,3.6850687006666667,2.1266897017215345
1521,3.6851166534,2.126626243413724
1522,3.6851166534,2.126626243413724
1523,3.685255494866667,2.1265362662041674
1524,3.6853849838000006,2.126563453870012
1525,3.6856861059,2.1262787757859725
1526,3.685988532933333,2.1261861557970856
1527,3.6862150293,2.126146789666138
1528,3.6862150293,2.126146789666138
1529,3.6862150293,2.126146789666138
1530,3.6862150293,2.126146789666138
1531,3.686803632033333,2.126932623749891
1532,3.6873698660333334,2.1272886880364936
1533,3.6873698660333334,2.1272886880364936
1534,3.6873698660333334,2.1272886880364936
1535,3.6873698660333334,2.1272886880364936
1536,3.6888266983,2.128529656015059
1537,3.6888266983,2.128529656015059
1538,3.6888266983,2.128529656015059
1539,3.688875571533333,2.1284938816648244
1540,3.688875571533333,2.1284938816648244
1541,3.688875571533333,2.1284938816648244
1542,3.688960431666666,2.1283750932147774
1543,3.688960431666666,2.1283750932147774
1544,3.688960431666666,2.1283750932147774
1545,3.688960431666666,2.1283750932147774
1546,3.690917411933333,2.130129946328779
1547,3.690917411933333,2.130129946328779
1548,3.690917411933333,2.130129946328779
1549,3.691750218833333,2.1303819076031174
1550,3.6921164038,2.1302750364429435
1551,3.6929627723666667,2.1303510834532067
1552,3.6929627723666667,2.1303510834532067
1553,3.6934852304666665,2.1309714680217082
1554,3.6937054548,2.131288780675404
1555,3.6937054548,2.131288780675404
1556,3.693883074066666,2.131375848069438
1557,3.693883074066666,2.131375848069438
1558,3.6940824633333333,2.131416234593017
1559,3.6940824633333333,2.131416234593017
1560,3.6940824633333333,2.131416234593017
1561,3.6940824633333333,2.131416234593017
1562,3.6940824633333333,2.131416234593017
1563,3.6940824633333333,2.131416234593017
1564,3.6940824633333333,2.131416234593017
1565,3.6942777847,2.131713219591437
1566,3.6942777847,2.131713219591437
1567,3.6942777847,2.131713219591437
1568,3.6942777847,2.131713219591437
1569,3.6942777847,2.131713219591437
1570,3.6945905026666668,2.1314062557585665
1571,3.6945905026666668,2.1314062557585665
1572,3.6945905026666668,2.1314062557585665
1573,3.6947133767333336,2.13122567245655
1574,3.6947133767333336,2.13122567245655
1575,3.6947133767333336,2.13122567245655
1576,3.6947133767333336,2.13122567245655
1577,3.6947133767333336,2.13122567245655
1578,3.6956343686333337,2.1301775436059196
1579,3.6962388305,2.129448129721796
1580,3.6967344269,2.1287763735408194
1581,3.6969912972333328,2.1287825966403275
1582,3.6982997305666654,2.1297075854227843
1583,3.6984371518999994,2.129516869131144
1584,3.698530340966666,2.1294552924520156
1585,3.698882456999999,2.1299516615497254
1586,3.6991654436999997,2.1298489499193907
1587,3.699831206466666,2.1303204019899553
1588,3.700115977733333,2.130522030437759
1589,3.700115977733333,2.130522030437759
1590,3.700115977733333,2.130522030437759
1591,3.700115977733333,2.130522030437759
1592,3.7007415673999997,2.131416666116014
1593,3.7007415673999997,2.131416666116014
1594,3.7007415673999997,2.131416666116014
1595,3.7007415673999997,2.131416666116014
1596,3.7008700899333324,2.131336325455057
1597,3.7008700899333324,2.131336325455057
1598,3.7008700899333324,2.131336325455057
1599,3.7009106215999994,2.131393134831287
1600,3.7009106215999994,2.131393134831287
1601,3.7009106215999994,2.131393134831287
1602,3.7009106215999994,2.131393134831287
1603,3.7009106215999994,2.131393134831287
1604,3.7024122897666665,2.1338112427625346
1605,3.7026101330333336,2.1339646813058413
1606,3.7026101330333336,2.1339646813058413
1607,3.7026101330333336,2.1339646813058413
1608,3.7027795247333333,2.1337302030613334
1609,3.7027963190666666,2.1337281910445998
1610,3.7028077413333333,2.133713006928646
1611,3.7028077413333333,2.133713006928646
1612,3.7028077413333333,2.133713006928646
1613,3.7028077413333333,2.133713006928646
1614,3.7029028907333337,2.1336453507544193
1615,3.7029028907333337,2.1336453507544193
1616,3.7031750047999994,2.13372006314988
1617,3.7031750047999994,2.13372006314988
1618,3.7031750047999994,2.13372006314988
1619,3.7031750047999994,2.13372006314988
1620,3.7031750047999994,2.13372006314988
1621,3.7031750047999994,2.13372006314988
1622,3.7031750047999994,2.13372006314988
1623,3.7031750047999994,2.13372006314988
1624,3.7031750047999994,2.13372006314988
1625,3.7031750047999994,2.13372006314988
1626,3.7031958335666664,2.1336946333774502
1627,3.7066779040333335,2.1382378110697147
1628,3.7066779040333335,2.1382378110697147
1629,3.7066779040333335,2.1382378110697147
1630,3.7066779040333335,2.1382378110697147
1631,3.7066779040333335,2.1382378110697147
1632,3.7066779040333335,2.1382378110697147
1633,3.7066779040333335,2.1382378110697147
1634,3.7066779040333335,2.1382378110697147
1635,3.7066779040333335,2.1382378110697147
1636,3.7066779040333335,2.1382378110697147
1637,3.7067065783666666,2.13828161719719
1638,3.7067065783666666,2.13828161719719
1639,3.7071046105666663,2.137708378167143
1640,3.7075311184,2.1380099221063458
1641,3.7080632595000007,2.1380537154075796
1642,3.708117925933334,2.138055459119298
1643,3.708117925933334,2.138055459119298
1644,3.708117925933334,2.138055459119298
1645,3.708117925933334,2.138055459119298
1646,3.708117925933334,2.138055459119298
1647,3.708117925933334,2.138055459119298
1648,3.708117925933334,2.138055459119298
1649,3.708117925933334,2.138055459119298
1650,3.708117925933334,2.138055459119298
1651,3.708117925933334,2.138055459119298
1652,3.7103572274333345,2.1409106766820685
1653,3.7103572274333345,2.1409106766820685
1654,3.7104473928666675,2.1408450291033643
1655,3.7104473928666675,2.1408450291033643
1656,3.7104473928666675,2.1408450291033643
1657,3.7104473928666675,2.1408450291033643
1658,3.7104473928666675,2.1408450291033643
1659,3.710909036566668,2.1405572710253336
1660,3.710909036566668,2.1405572710253336
1661,3.710909036566668,2.1405572710253336
1662,3.710909036566668,2.1405572710253336
1663,3.710909036566668,2.1405572710253336
1664,3.710909036566668,2.1405572710253336
1665,3.7114234416000014,2.140911701830257
1666,3.7127673873333347,2.1419887854404656
1667,3.7129119021333348,2.141956872134296
1668,3.7129119021333348,2.141956872134296
1669,3.7129119021333348,2.141956872134296
1670,3.714448857500001,2.1423361552123876
1671,3.714448857500001,2.1423361552123876
1672,3.714876324966668,2.142655497030312
1673,3.714876324966668,2.142655497030312
1674,3.714884122000001,2.1426659901718508
1675,3.714884122000001,2.1426659901718508
1676,3.714884122000001,2.1426659901718508
1677,3.714884122000001,2.1426659901718508
1678,3.7156586375000016,2.14329056465322
1679,3.7156586375000016,2.14329056465322
1680,3.7156586375000016,2.14329056465322
1681,3.7156586375000016,2.14329056465322
1682,3.7156586375000016,2.14329056465322
1683,3.7156586375000016,2.14329056465322
1684,3.7156586375000016,2.14329056465322
1685,3.7156586375000016,2.14329056465322
1686,3.7156586375000016,2.14329056465322
1687,3.7156586375000016,2.14329056465322
1688,3.716345830933334,2.1436930152729032
1689,3.7166605944666675,2.143308299988726
1690,3.7166605944666675,2.143308299988726
1691,3.7166605944666675,2.143308299988726
1692,3.716682317600001,2.1432901270685636
1693,3.716682317600001,2.1432901270685636
1694,3.716682317600001,2.1432901270685636
1695,3.716682317600001,2.1432901270685636
1696,3.718096760800001,2.145094728621659
1697,3.718096760800001,2.145094728621659
1698,3.718096760800001,2.145094728621659
1699,3.718096760800001,2.145094728621659
1700,3.7192916827333344,2.146408773867121
1701,3.7192916827333344,2.146408773867121
1702,3.7204223795666675,2.147372097192419
1703,3.7204223795666675,2.147372097192419
1704,3.7204223795666675,2.147372097192419
1705,3.7204223795666675,2.147372097192419
1706,3.7204223795666675,2.147372097192419
1707,3.7204223795666675,2.147372097192419
1708,3.720439532300001,2.147387749737462
1709,3.720439532300001,2.147387749737462
1710,3.720439532300001,2.147387749737462
1711,3.720439532300001,2.147387749737462
1712,3.720439532300001,2.147387749737462
1713,3.720439532300001,2.147387749737462
1714,3.720439532300001,2.147387749737462
1715,3.720439532300001,2.147387749737462
1716,3.722547612933334,2.14826290555133
1717,3.722836961066668,2.147885564458101
1718,3.722836961066668,2.147885564458101
1719,3.7237570205000012,2.1470405167339144
1720,3.7245932187333346,2.14630815688554
1721,3.7245932187333346,2.14630815688554
1722,3.726439421166668,2.146651310979886
1723,3.726439421166668,2.146651310979886
1724,3.727268803000001,2.1466064374073985
1725,3.727268803000001,2.1466064374073985
1726,3.7278023257000013,2.1461026838191146
1727,3.7278023257000013,2.1461026838191146
1728,3.7278023257000013,2.1461026838191146
1729,3.7278023257000013,2.1461026838191146
1730,3.7278023257000013,2.1461026838191146
1731,3.7278023257000013,2.1461026838191146
1732,3.7278023257000013,2.1461026838191146
1733,3.7278023257000013,2.1461026838191146
1734,3.7278023257000013,2.1461026838191146
1735,3.728298120466668,2.1460816669494056
1736,3.728298120466668,2.1460816669494056
1737,3.728298120466668,2.1460816669494056
1738,3.728298120466668,2.1460816669494056
1739,3.728298120466668,2.1460816669494056
1740,3.728298120466668,2.1460816669494056
1741,3.728298120466668,2.1460816669494056
1742,3.728298120466668,2.1460816669494056
1743,3.7285686370666675,2.1457622467227013
1744,3.7286359190666674,2.1456495523247234
1745,3.7286359190666674,2.1456495523247234
1746,3.7297599552000014,2.145052991366751
1747,3.7297814982333346,2.1450209497731665
1748,3.7297814982333346,2.1450209497731665
1749,3.731951210800001,2.144517046048839
1750,3.731951210800001,2.144517046048839
1751,3.731951210800001,2.144517046048839
1752,3.731951210800001,2.144517046048839
1753,3.7333352113333347,2.1444851762594057
1754,3.7370809701666667,2.1481840124250082
1755,3.7370809701666667,2.1481840124250082
1756,3.737242734933333,2.1482865355768768
1757,3.7384678503999997,2.1503314698649154
1758,3.7384678503999997,2.1503314698649154
1759,3.7384678503999997,2.1503314698649154
1760,3.7384678503999997,2.1503314698649154
1761,3.7384678503999997,2.1503314698649154
1762,3.7384678503999997,2.1503314698649154
1763,3.7384678503999997,2.1503314698649154
1764,3.7384678503999997,2.1503314698649154
1765,3.7384678503999997,2.1503314698649154
1766,3.7384678503999997,2.1503314698649154
1767,3.7384678503999997,2.1503314698649154
1768,3.7384678503999997,2.1503314698649154
1769,3.7384678503999997,2.1503314698649154
1770,3.7384678503999997,2.1503314698649154
1771,3.7384678503999997,2.1503314698649154
1772,3.7384678503999997,2.1503314698649154
1773,3.739025655366667,2.1495980380090307
1774,3.7394783630666675,2.149192209655916
1775,3.7394783630666675,2.149192209655916
1776,3.7394783630666675,2.149192209655916
1777,3.7407469296333336,2.1479644876441895
1778,3.7407469296333336,2.1479644876441895
1779,3.7408251909,2.1480362808010605
1780,3.7408301288,2.1480390019662385
1781,3.7431553341333332,2.1509450087598525
1782,3.7439364138666664,2.151488387096715
1783,3.744213361566666,2.151951562301013
1784,3.744213361566666,2.151951562301013
1785,3.7442897604333334,2.1518503254463335
1786,3.7442897604333334,2.1518503254463335
1787,3.7442897604333334,2.1518503254463335
1788,3.7442897604333334,2.1518503254463335
1789,3.744932522,2.15271523832445
1790,3.744932522,2.15271523832445
1791,3.744932522,2.15271523832445
1792,3.744932522,2.15271523832445
1793,3.744932522,2.15271523832445
1794,3.744932522,2.15271523832445
1795,3.745368221466667,2.152361686274626
1796,3.745368221466667,2.152361686274626
1797,3.745368221466667,2.152361686274626
1798,3.745368221466667,2.152361686274626
1799,3.745368221466667,2.152361686274626
1800,3.7454268614333333,2.152324096808104
1801,3.7460075906333334,2.151977596338079
1802,3.7460075906333334,2.151977596338079
1803,3.7460075906333334,2.151977596338079
1804,3.7460075906333334,2.151977596338079
1805,3.746515772833333,2.151811861393236
1806,3.746515772833333,2.151811861393236
1807,3.7465649683,2.151755538888874
1808,3.7465649683,2.151755538888874
1809,3.7475043034,2.1536505152613326
1810,3.748415240466666,2.154631130302253
1811,3.7484486879333327,2.154652022842319
1812,3.749206840566666,2.154849407268921
1813,3.749206840566666,2.154849407268921
1814,3.749206840566666,2.154849407268921
1815,3.749599743333333,2.154866550418794
1816,3.749599743333333,2.154866550418794
1817,3.7501793023,2.1543981966714414
1818,3.7501793023,2.1543981966714414
1819,3.7501793023,2.1543981966714414
1820,3.7501793023,2.1543981966714414
1821,3.7501793023,2.1543981966714414
1822,3.7501793023,2.1543981966714414
1823,3.7501793023,2.1543981966714414
1824,3.7501793023,2.1543981966714414
1825,3.7501793023,2.1543981966714414
1826,3.7501793023,2.1543981966714414
1827,3.7501793023,2.1543981966714414
1828,3.7501793023,2.1543981966714414
1829,3.7501793023,2.1543981966714414
1830,3.7501793023,2.1543981966714414
1831,3.750263008166666,2.154344566266675
1832,3.750263008166666,2.154344566266675
1833,3.750263008166666,2.154344566266675
1834,3.750464635799999,2.1542661957352687
1835,3.751107609566666,2.1546654702683963
1836,3.751107609566666,2.1546654702683963
1837,3.751107609566666,2.1546654702683963
1838,3.7528621497333323,2.156506022775146
1839,3.755295412233332,2.155841690233729
1840,3.755295412233332,2.155841690233729
1841,3.755295412233332,2.155841690233729
1842,3.755295412233332,2.155841690233729
1843,3.755295412233332,2.155841690233729
1844,3.7554756709666655,2.155971658415588
1845,3.7554756709666655,2.155971658415588
1846,3.7554756709666655,2.155971658415588
1847,3.7554756709666655,2.155971658415588
1848,3.7564012995333322,2.157015752750856
1849,3.7564012995333322,2.157015752750856
1850,3.7564012995333322,2.157015752750856
1851,3.7564012995333322,2.157015752750856
1852,3.7564012995333322,2.157015752750856
1853,3.7564012995333322,2.157015752750856
1854,3.756557674966666,2.156973467048104
1855,3.756557674966666,2.156973467048104
1856,3.756557674966666,2.156973467048104
1857,3.7566868719666657,2.156807897889538
1858,3.7569528287333327,2.156629169274661
1859,3.7569528287333327,2.156629169274661
1860,3.7569528287333327,2.156629169274661
1861,3.7569528287333327,2.156629169274661
1862,3.757378905899999,2.156099357652775
1863,3.757378905899999,2.156099357652775
1864,3.7575799569999995,2.1559667588979052
1865,3.7575799569999995,2.1559667588979052
1866,3.7588942349333325,2.15816147745766
1867,3.759087014833332,2.158021688911662
1868,3.759087014833332,2.158021688911662
1869,3.759087014833332,2.158021688911662
1870,3.759087014833332,2.158021688911662
1871,3.759087014833332,2.158021688911662
1872,3.759503403699999,2.1586643522360323
1873,3.759503403699999,2.1586643522360323
1874,3.759503403699999,2.1586643522360323
1875,3.759552194533333,2.1586322092824086
1876,3.7597000457666656,2.158471768362819
1877,3.7597000457666656,2.158471768362819
1878,3.7609403173999993,2.1582111145432488
1879,3.7609403173999993,2.1582111145432488
1880,3.7609403173999993,2.1582111145432488
1881,3.7609403173999993,2.1582111145432488
1882,3.7609403173999993,2.1582111145432488
1883,3.7609403173999993,2.1582111145432488
1884,3.7609403173999993,2.1582111145432488
1885,3.7609403173999993,2.1582111145432488
1886,3.7618527116666653,2.1588624274296575
1887,3.7618527116666653,2.1588624274296575
1888,3.7618527116666653,2.1588624274296575
1889,3.7636433471666653,2.1610122248366435
1890,3.7643819586333325,2.1603086313271995
1891,3.7643819586333325,2.1603086313271995
1892,3.767820298566666,2.1654929928147824
1893,3.767820298566666,2.1654929928147824
1894,3.767820298566666,2.1654929928147824
1895,3.767820298566666,2.1654929928147824
1896,3.767820298566666,2.1654929928147824
1897,3.767820298566666,2.1654929928147824
1898,3.767820298566666,2.1654929928147824
1899,3.767820298566666,2.1654929928147824
1900,3.767820298566666,2.1654929928147824
1901,3.767820298566666,2.1654929928147824
1902,3.767820298566666,2.1654929928147824
1903,3.767820298566666,2.1654929928147824
1904,3.767820298566666,2.1654929928147824
1905,3.767820298566666,2.1654929928147824
1906,3.767820298566666,2.1654929928147824
1907,3.767820298566666,2.1654929928147824
1908,3.767820298566666,2.1654929928147824
1909,3.767820298566666,2.1654929928147824
1910,3.767820298566666,2.1654929928147824
1911,3.768062833066666,2.1653384523556802
1912,3.770659719166666,2.1690115107210133
1913,3.7707126070999992,2.1689903577810123
1914,3.7707126070999992,2.1689903577810123
1915,3.7707126070999992,2.1689903577810123
1916,3.7707126070999992,2.1689903577810123
1917,3.7712335176999994,2.1693674958341935
1918,3.7712335176999994,2.1693674958341935
1919,3.7712335176999994,2.1693674958341935
1920,3.772024273266666,2.1698312075673747
1921,3.772024273266666,2.1698312075673747
1922,3.7725448473999994,2.1700171705391154
1923,3.7725448473999994,2.1700171705391154
1924,3.7725448473999994,2.1700171705391154
1925,3.7725448473999994,2.1700171705391154
1926,3.7725448473999994,2.1700171705391154
1927,3.7725448473999994,2.1700171705391154
1928,3.7725448473999994,2.1700171705391154
1929,3.7725448473999994,2.1700171705391154
1930,3.7725448473999994,2.1700171705391154
1931,3.7725448473999994,2.1700171705391154
1932,3.7725448473999994,2.1700171705391154
1933,3.7725448473999994,2.1700171705391154
1934,3.7725448473999994,2.1700171705391154
1935,3.772615553733333,2.1700343265730337
1936,3.772615553733333,2.1700343265730337
1937,3.772615553733333,2.1700343265730337
1938,3.772615553733333,2.1700343265730337
1939,3.772615553733333,2.1700343265730337
1940,3.772615553733333,2.1700343265730337
1941,3.7731507829666664,2.170186530569418
1942,3.7731507829666664,2.170186530569418
1943,3.7731507829666664,2.170186530569418
1944,3.7731507829666664,2.170186530569418
1945,3.7751768109999997,2.1700851813591107
1946,3.7751768109999997,2.1700851813591107
1947,3.7758573507333337,2.1695594274400483
1948,3.7758573507333337,2.1695594274400483
1949,3.7758573507333337,2.1695594274400483
1950,3.7771276924999997,2.170351284239046
1951,3.7771276924999997,2.170351284239046
1952,3.7771276924999997,2.170351284239046
1953,3.7771276924999997,2.170351284239046
1954,3.7771276924999997,2.170351284239046
1955,3.7771276924999997,2.170351284239046
1956,3.7771276924999997,2.170351284239046
1957,3.7772726135666668,2.1702620254420446
1958,3.7772726135666668,2.1702620254420446
1959,3.7772726135666668,2.1702620254420446
1960,3.7772726135666668,2.1702620254420446
1961,3.7772726135666668,2.1702620254420446
1962,3.7772726135666668,2.1702620254420446
1963,3.7772726135666668,2.1702620254420446
1964,3.7772726135666668,2.1702620254420446
1965,3.7772726135666668,2.1702620254420446
1966,3.7772726135666668,2.1702620254420446
1967,3.7772726135666668,2.1702620254420446
1968,3.7772726135666668,2.1702620254420446
1969,3.7772726135666668,2.1702620254420446
1970,3.7772726135666668,2.1702620254420446
1971,3.7772726135666668,2.1702620254420446
1972,3.7772726135666668,2.1702620254420446
1973,3.7772726135666668,2.1702620254420446
1974,3.7772726135666668,2.1702620254420446
