0,3824.7659704881303,159.99589760116146
1,2997.5078024178997,970.0770286995822
2,1659.5808257678991,1294.3021111322807
3,829.2099142343997,1031.733920403541
4,444.56150952173317,754.8903030203405
5,221.2543035373668,515.923286467096
6,127.71350586560001,381.4135438214494
7,76.05979223216667,288.59071825745417
8,45.82361260436671,207.30893543606467
9,30.586662776533345,156.44767982664575
10,24.436916649166665,136.79371934377667
11,17.416436353033337,93.68673757484075
12,11.753181243699991,66.69446526648171
13,8.74828171276668,50.08881637442403
14,5.692337567999996,14.17175778219798
15,5.155060565433333,11.749022819600142
16,4.960816988633334,10.406781660828809
17,4.5898355265000035,8.960930037987591
18,4.1161800535666675,5.959157113687736
19,3.677384542833332,2.571440233662932
20,3.6316797412999966,2.551952947178056
21,3.608702373166666,2.5598549063229483
22,3.578404062633336,2.5604320669017966
23,3.5537778204999997,2.5588997257970494
24,3.8757102997333353,6.384770649386046
25,3.7113342185999993,5.888533608013335
26,3.776355275233333,6.040865969333583
27,3.773291238700001,6.038338434150977
28,3.756296467700001,6.032085264853471
29,3.736047725533332,6.031541035439184
30,3.7221475847666663,6.03528422162243
31,10.313219235033332,114.17264239627269
32,38.42212554266664,250.41078408466774
33,48.121594428200034,260.8369704993566
34,84.66549626929994,340.1042589089261
35,133.5214108117999,409.3787474315695
36,195.03466546046687,475.92293488346826
37,239.7950484242335,509.7867187800738
38,266.5189049299668,513.461144122066
39,317.5465592280666,552.829066436073
40,329.07019211093314,569.1488497288594
41,341.12640623716675,555.507873618975
42,319.66456051686674,543.6450269912077
43,301.13509944950033,537.1298335067683
44,293.32008380910025,539.436218885476
45,290.4438018304332,547.3902715487725
46,270.58262733943354,525.7823001838022
47,263.41797914573334,522.2409204861565
48,250.9035511667,509.05516725846405
49,243.0238954228333,503.1014237054688
50,234.7252108061999,486.3147075521899
51,226.38184622376681,473.12493092787395
52,219.04807241713337,464.4278323297888
53,210.57516738919986,456.88306341930286
54,203.64500860573352,448.0210789818522
55,193.69752332363316,437.0943889380863
56,185.3449653513001,426.14177698285346
57,180.50118075920014,420.9720666465901
58,174.5788986933999,411.6142763398878
59,169.5660683134999,403.43502252848356
60,163.40507244786684,393.9949786726916
61,165.38650785686679,395.6160366987998
62,162.86059349326666,393.5592177611659
63,158.93773342980012,386.7198743750281
64,155.70350200389987,377.54581927127845
65,160.14466958100007,373.5389678169209
66,158.77387275696665,369.98403503984423
67,155.51292727880013,358.02969818164917
68,158.34501273270004,363.9010397175769
69,160.02740027209992,366.5180513722914
70,159.51498907709995,366.7107861532144
71,157.84069375376666,363.3960890144579
72,154.66132388313338,360.64607222170974
73,152.29780175596673,355.9060069271385
74,150.0603414049334,352.84773678925944
75,146.7904653508333,347.06593956047976
76,144.86440293619992,346.9840455202849
77,143.04857918396664,344.1683758085775
78,140.2600884641334,341.68996266560293
79,135.2469711092666,335.5132178123109
80,132.83920052710005,332.9871834265941
81,131.26983672413328,333.146363731398
82,130.35587465513336,333.8377394692032
83,127.1603406648001,329.1799366664793
84,124.75712641573337,327.0714046332632
85,122.2695779886666,323.81936399443583
86,120.30977312383334,321.2303428232959
87,119.07159978433326,320.6618921819562
88,117.5915217750333,320.2648700487105
89,116.96108723236662,321.24601034615097
90,115.47784628423334,319.5569311524568
91,115.3895589939,321.0534561920585
92,114.61276849856665,321.93781653433274
93,118.22419554929998,327.83074551821414
94,118.5303606387668,333.26246862025886
95,119.02168274086667,333.8566531393511
96,118.94051143096671,334.638370742512
97,118.94246155340001,334.29173994205394
98,118.88882733423338,337.9929055733655
99,118.90731880433326,339.0188770371004
100,120.03270028009993,342.611793649916
101,119.75167413843344,343.8089645402248
102,119.69631410336657,344.71735682653264
103,118.41028736610002,343.87471866439677
104,117.12635929476662,341.17767656300794
105,116.16883002566667,340.3389692985572
106,116.42560140516662,341.9928648279295
107,115.65353627469999,341.7573040932459
108,115.3135031746001,343.1497510122888
109,114.38722925173327,343.2275865502417
110,113.50900617633333,342.9979790681837
111,113.04410953370002,342.7484203301824
112,112.30152031393334,342.4171100255791
113,111.71700476883333,341.7870291742629
114,110.9447978448668,340.7450059132398
115,110.77144821370001,340.865373668439
116,110.56281317013323,340.9740346026301
117,109.42987714083331,339.1990895428742
118,108.03458191733327,338.55176295947297
119,108.15711325509996,340.67600147865375
120,108.71923986193332,342.84188400092097
121,109.38502656076666,347.5848452083458
122,112.14945516910001,355.3723990454556
123,113.43643285979992,359.77299556225597
124,113.7012857627,361.3993253976903
125,112.82829996536658,362.2415869218734
126,111.57150095479997,363.06767014136597
127,111.53973057916672,363.9504157699325
128,110.40858189896669,362.4127657637316
129,110.08222268970009,360.81409114649216
130,108.69141931513336,358.76400308148516
131,107.8510575741,357.90026048839115
132,107.35160994396665,357.25819589752047
133,107.22131282203327,356.87782934950417
134,106.44033530613328,356.07063510028684
135,106.82777345253331,358.3684488591478
136,106.07207335029989,357.3324990844822
137,105.38143105710002,357.1534312928224
138,104.90715996036667,356.1657510494343
139,104.48743816473339,354.65798037858457
140,104.44041149183326,355.32334079562435
141,103.84995193409996,354.2479225768783
142,103.2294719908333,353.50172587304496
143,102.75002747316663,352.4416109697667
144,102.40893976053337,351.8130175803336
145,100.97584151996668,349.7374437623169
146,100.30447937780004,350.86504438643107
147,99.70916962003334,351.0917419281021
148,100.47535090513334,353.052404397852
149,100.82102205529989,355.70055167091334
150,101.80462933386663,361.61173032360443
151,102.05834513579997,363.42893533904817
152,102.07909075340002,364.08095283075573
153,101.49122188093331,364.54625894010496
154,102.0166755194333,366.3433777688186
155,102.15979152989998,367.1014088618649
156,101.4444743758,366.80049305703983
157,101.40344729879999,367.1183166787041
158,101.09714681099996,366.6011930566392
159,99.83389477420006,364.62959038593397
160,99.55526303240008,363.47006146159805
161,99.37199882186674,362.89124643998605
162,98.98448589676674,362.1735871797821
163,98.15466632080003,360.4649100935691
164,97.33057469289997,359.1099285973355
165,96.83850556223332,357.8336335850567
166,96.35501479439998,356.9858841324914
167,96.07867416019997,355.6391985497085
168,96.03678176783338,355.37186132473386
169,95.88379659913332,354.9556396192282
170,96.01456302930002,355.4729588381501
171,95.23913247826661,354.54493297796193
172,94.28567038630001,352.8805057540951
173,93.66502157646661,351.3827514570454
174,93.57476989656666,351.1157906249381
175,93.18092913196662,351.12107241756024
176,92.37748223246665,351.0524995327905
177,93.67572582589996,354.529260190462
178,94.56091462603337,357.12220787334513
179,94.62733309063333,360.2756271980572
180,95.04814719846668,362.29531486638405
181,94.96671275840005,362.0517601260737
182,95.66837150403335,364.8680656630513
183,95.20417637336669,363.2774436272381
184,95.20714508843332,363.27647089104363
185,94.89565755980004,361.68648265564235
186,94.37591282203333,361.754785538531
187,94.39077726866667,361.76598014550694
188,93.99336822516666,361.61770873546266
189,93.47248547686665,358.9463029206669
190,93.26085444606663,358.18109918464603
191,93.05678541789997,357.29677826110867
192,92.42254184870002,356.39581556284
193,92.03204948723335,354.59981205567215
194,92.03070197576669,354.6002759208351
195,92.00587172690001,354.4700253312176
196,91.7813113549,354.18471873567415
197,91.5995125497333,353.2060536035425
198,91.4595687771667,352.4095742688098
199,91.10834003699999,351.7242934031383
200,91.10481423490005,351.7248422627826
201,90.39129698713329,350.7705505948804
202,89.94682107990002,349.98140752783945
203,89.54371813683338,349.6114576462638
204,89.4453497996667,349.22799549842836
205,89.78904737726673,351.1995234491642
206,90.29655864526666,352.5938814201999
207,90.9950751714,355.46612505439737
208,91.39037296146664,356.8858521776713
209,90.68449215883335,357.04781828861337
210,91.9428203227,361.7595844536392
211,91.86506562570001,361.4418878740565
212,91.7916346984,360.89428831229674
213,91.35688604103332,360.33490125433707
214,91.1465180715,360.3595780271388
215,91.06179526073332,360.03101505007623
216,91.08969848633333,360.1697879485586
217,91.08908027603333,360.17002117660616
218,90.8513553692333,360.0045186488527
219,90.19731775483328,358.8632946385325
220,90.06645256843328,358.57846544837054
221,89.8846664471666,358.6428190636617
222,89.35304063779994,358.6684119641449
223,89.24412147506665,358.9398109384049
224,89.05662913936662,358.9406782599006
225,88.94549794083332,359.2066482386244
226,88.64875351826664,358.57632037034057
227,88.64255872726665,358.2091111544366
228,88.6398454244667,358.2044433316415
229,88.34392725756663,357.9898499309544
230,88.35564505616662,358.0544917973628
231,88.24889250396662,357.3261878281742
232,88.04329336729994,357.3571514707334
233,88.33076262793332,358.19071861498804
234,87.83732481336664,360.9021327136305
235,88.61978246289996,365.001463264864
236,88.42975499170004,363.9429891821108
237,87.39023298746667,362.14059967891126
238,88.51241244366668,367.44870988077383
239,87.96567139823338,366.08747222212764
240,87.93336325133332,365.9403240044427
241,87.91009247886669,365.80281973781064
242,87.83711647050004,365.500676128715
243,87.64479724350002,364.7737254979284
244,87.64429216806667,364.77523864026165
245,87.64337921019995,364.77622204738753
246,87.6447618523333,364.7755936553027
247,87.6442684012,364.77563694108716
248,87.6525231709,364.8118326716472
249,87.43855897016667,363.91802734756874
250,87.29424154509996,363.26286160848156
251,87.10655281543336,362.2699947052809
252,87.10631974206669,362.2707629776699
253,87.1063222313333,362.27094351860717
254,86.99429719310001,361.8746288952699
255,86.7014081728333,361.83558598302966
256,86.66103683573338,361.64904954335225
257,86.65973581353333,361.6490401856989
258,86.28085929726666,360.7812819578622
259,85.93256704199996,360.42614235494216
260,85.80931833253328,359.64630013899995
261,85.65795161766658,360.6478229922223
262,85.89108204133328,361.47521078395147
263,86.52542918149996,365.1434187918345
264,86.49135428256662,364.98468502953637
265,86.43445009239998,364.7848028659233
266,87.1201235016,368.2217457489763
267,87.69755053996666,370.00739063793196
268,87.69870561366665,370.0068699743365
269,87.47561401479996,369.1982344890564
270,87.53453039046663,369.38300970884444
271,87.4441795443,368.9487219715768
272,87.38996398883332,368.6985707393027
273,87.21402252336662,368.0219439288235
274,86.91336147126665,366.9946929290363
275,86.89092126073332,366.86765699749327
276,86.92561393236664,366.99122781266516
277,86.51274330303335,365.6909038062837
278,86.30466585423335,364.9937499301677
279,86.10617236726665,364.4034126144813
280,85.97714169549995,364.1211065109081
281,85.82858064963331,363.3006491789008
282,85.58643589203334,362.52032933446793
283,85.2062918836667,361.41825929274864
284,84.64326348873337,360.45147685407443
285,84.1262113386,359.03259660633967
286,84.06232384436672,358.8237595873963
287,83.57815734126672,358.7331014297753
288,83.33590485556665,357.8726773454197
289,83.51621228050001,358.6333318281256
290,83.87878301656662,360.5825129190624
291,83.63799770083328,362.07880171131603
292,83.22927101219997,360.77484843996893
293,83.23605222546665,360.77326026136507
294,83.44511400543335,360.9518137762124
295,84.20454341519999,363.04363270243186
296,84.26868952383334,363.2398299393036
297,84.27304032723336,363.2384698414751
298,84.27718265296667,363.23707340838035
299,84.27696941316668,363.2371339121976
300,83.97790444956667,362.3838058983342
301,83.97648871873332,362.38378517843233
302,83.6887521682,361.66692022219024
303,83.51735997529995,361.2673152137789
304,83.46438464873333,360.93430863144204
305,83.4586002847,360.91673466214735
306,83.4569018464667,360.9168934254557
307,83.43965560413334,360.873388735199
308,83.35713728203334,360.34903509654606
309,83.38446616650002,360.449186413326
310,83.38230755146665,360.44968517461587
311,83.03081749920003,359.5113403869969
312,82.96648024656668,359.2108413595161
313,82.96439671046672,359.2114280454432
314,82.90420963276671,359.0123586678306
315,82.90249376966668,359.0126935114701
316,82.88869501856665,359.0059440047982
317,82.94828266666664,359.3776102999551
318,82.69321486729997,359.7566712857376
319,82.71364510080002,361.5363295960412
320,82.44793500976665,361.46833555368255
321,82.13730331843337,361.2369400422112
322,82.18594067216667,360.77288399433115
323,82.53176021386662,362.82550628719355
324,82.50485370506665,362.68713221541486
325,82.1161374305333,361.945190072215
326,82.1018825238333,361.8594741660113
327,82.06730377429993,361.7008489328905
328,81.75624894013325,361.6725219854196
329,81.75470010419996,361.6729234222042
330,81.75201433756659,361.6732258989856
331,81.72697827093327,361.5638627647462
332,81.72740556009995,361.56336210109697
333,81.72734041286665,361.5631521854493
334,81.39226746013334,361.29542371444285
335,81.39032022089998,361.29591783912446
336,81.39015459266672,361.2958983734214
337,81.35753448043334,361.09373828345946
338,81.31242395256668,360.89609432882196
339,81.30563977640007,360.8760823499235
340,81.26772519486673,360.67586366377964
341,81.09583293079999,360.2860030745822
342,81.08137174709996,360.23884108150037
343,80.90633818643333,359.91201638240216
344,80.88040684376668,359.7443885348013
345,81.28581341959998,361.2999839370273
346,81.22540838846668,361.9846962294575
347,81.37397822213333,362.95879482396873
348,81.23472760566666,362.79666934779306
349,81.23683593856667,362.79589420130577
350,81.00301363840003,361.476602804693
351,81.46732887843335,363.19327271565703
352,81.46960718306667,363.19269561539164
353,81.3871554861333,362.7830552159614
354,81.21840022916659,361.7614681710492
355,81.19309217139994,361.65117232020606
356,81.23136750299994,361.8389396731539
357,80.98041884429993,360.51559917885646
358,80.96306011733327,360.46194161267516
359,80.89215507676663,360.13645998480683
360,80.89233864499995,360.1379469287032
361,80.72719362113332,359.1582954289105
362,80.59862809043331,358.5516419273181
363,80.55612095829999,358.30536850731306
364,80.33865217099999,357.1014397773588
365,79.91973801509998,354.81797778374795
366,79.72891875106666,353.8482111840696
367,79.72812705423328,353.8486890560672
368,79.3166965251666,351.73039221290605
369,78.87471108536657,349.5998363304547
370,77.02613054323325,343.00500352367237
371,75.94503753103328,340.05481911934027
372,75.32803730063326,338.70549602137123
373,75.66526110746665,340.11592422240176
374,75.79648714813328,340.7368327028803
375,74.6216840124666,339.5607508183052
376,73.9196407111333,339.2577503142381
377,73.55782682039998,339.27272009201164
378,73.34702595019996,339.41496705466943
379,73.32030365269999,339.25903994523486
380,73.31623617080002,339.21873599037053
381,73.07808749766669,338.6079785872894
382,73.07845993043333,338.6078552681745
383,73.0154995951333,338.3233612275238
384,72.98712163723333,338.17511698283374
385,72.9534916668667,338.0000403083128
386,72.7615432660667,337.6542696158323
387,72.75098194050003,337.61777100159986
388,72.75145987209999,337.61784658128875
389,72.74027036063336,337.5517821245149
390,72.73905482123332,337.5520303191656
391,72.73925462739999,337.5523918549195
392,72.70993110036669,337.43624835850824
393,72.64687787406669,337.1546688036669
394,72.64572259603335,337.15482860985435
395,72.64382864016665,337.15464172453704
396,72.64255892146666,337.15503776473685
397,72.57484949753334,336.8560559853321
398,72.5743681628,336.85598826643104
399,72.31473132216666,336.3167869420622
400,72.32815822253328,336.38283515001706
401,72.55188637749994,337.4060422608321
402,72.56360416873328,337.46308463323805
403,72.74726945779996,338.44282851846043
404,71.45968503723331,337.0756866465462
405,71.46448682093332,337.1003975164999
406,71.63883339829997,337.8501792726913
407,71.64140252213332,337.84985893849745
408,71.64133217523334,337.82365561896427
409,71.41147706083333,337.749000429683
410,71.41306552566665,337.74878497270134
411,71.41141904799997,337.7492679434057
412,71.44021086186666,337.9274557447878
413,71.4389538506,337.92801635817943
414,71.43744888680004,337.9285001015416
415,71.41010065123334,337.72771449673047
416,71.41008302633335,337.7276169028977
417,71.4163535311667,337.76275731877587
418,71.41667222923334,337.7626864513848
419,71.36132286286669,337.3635527954698
420,71.3483413215,337.2950683994188
421,71.28782430320004,336.93547738907097
422,71.2876789883667,336.93568007437466
423,71.16270506430003,336.1324786929777
424,70.82809254703335,335.89352846282213
425,70.49881032503336,335.8127380527996
426,70.49802934276669,335.81257330723633
427,70.54230955076669,336.11360060149156
428,70.54018570133331,336.1147538580694
429,70.66785061203333,336.65637746270437
430,70.33228165029996,336.6766324743609
431,70.26315903819999,336.22171190553286
432,69.98811493420001,335.8498850217375
433,69.98660383366665,335.8501808084717
434,70.29891156453334,337.20276267009655
435,70.0614644221,337.22303056056813
436,70.05947583613336,337.20879937034795
437,70.05513962040001,337.19534984782644
438,70.05791926370003,337.1949669580183
439,70.06052371063338,337.1944236157608
440,70.06235021780005,337.19421194714295
441,70.05165420930004,337.1354607686258
442,70.05153050690004,337.1359043194261
443,69.97671168150002,336.61464654458456
444,69.97759353339998,336.6144714815642
445,69.96853612669999,336.5732070125313
446,69.95351394469995,336.49149243594263
447,69.95225470333327,336.4918586226224
448,69.95194223193329,336.4921027977087
449,69.95084244956662,336.4923179561545
450,69.9499360971,336.49256752484575
451,69.9490548325666,336.4922415582878
452,69.92621107556661,336.3879241850747
453,69.92710232126663,336.3877483575126
454,69.92755452926667,336.3876791427935
455,69.93999769690002,336.4678176089053
456,69.94101218910001,336.4678342720323
457,69.94961850366668,336.50488677870794
458,69.95144485106665,336.5073876558922
459,70.28671572603334,338.7934413051077
460,70.2656990223,338.66869011957124
461,70.26658534506667,338.66833176703494
462,70.34073804413332,339.0177494243666
463,70.23058405433332,338.5317545809227
464,70.23079416109996,338.5336225531532
465,70.23227775313329,338.53381712499674
466,70.23101378719994,338.534170612216
467,70.2308293253,338.53431043713346
468,70.23802863120001,338.5559664792449
469,70.23765462240002,338.5560395772043
470,70.23700528396668,338.5570389329255
471,70.2208215262667,338.4764836709344
472,70.22107256246672,338.47713944408457
473,70.18542391106666,338.31195212714886
474,70.16437031506666,338.2091685270708
475,70.16368931203334,338.2088906008495
476,70.18084542116667,338.30084276614025
477,70.17910681410001,338.3008709816561
478,70.17914484479998,338.30829512170476
479,70.17850798606665,338.30831573477025
480,70.17763145809998,338.30830095681284
481,70.17668514369998,338.30850841736697
482,70.17664253456668,338.30852201064573
483,70.1317140933667,338.00784478991005
484,70.08138636730006,337.7016313210969
485,69.69908220693335,336.9744513019176
486,69.69512389790003,336.97543493607685
487,69.76333834516672,337.6677332821902
488,69.77963141550005,337.7319879309392
489,69.38159809410004,337.1041152770734
490,69.38157581426672,337.1019153956988
491,68.89725448483338,335.14788552520855
492,68.89605151406671,335.1363809927553
493,68.88419963563335,335.0327340725646
494,68.82771911610001,334.7732996092295
495,68.6769357003667,334.1761832218613
496,68.6765978778,334.1762500724374
497,68.548861301,333.7150176999544
498,68.52132469969999,333.53401921331385
499,68.52065279359996,333.53452485948765
500,68.5186530235666,333.5349089438451
501,68.51900902919999,333.5350521526347
502,68.51704515143334,333.5357510196253
503,68.51416457429998,333.5281676865871
504,68.48972647716668,333.42424486976273
505,68.44592403283333,333.16979096838503
506,68.23846089499999,332.8958921022122
507,68.20597926316664,332.74572734413783
508,68.13853344176661,332.42101413467356
509,67.96249269799995,331.7379458627849
510,67.96200478966665,331.7380390671615
511,68.00980255939997,332.06190768394174
512,68.01002606789994,332.0616934329475
513,67.9185823978666,331.14344723546736
514,68.60046920273328,331.92447437450517
515,68.71491759539997,331.39436966343965
516,68.31108569586664,330.7944123358731
517,67.58672613903329,329.8345846120601
518,66.76460412749995,329.728323697406
519,65.54944753436664,326.3643570522529
520,65.19706038423334,325.40765092513107
521,64.9842680331,324.73955570829634
522,64.88968057606664,324.3296884108809
523,64.84708486599999,323.9945945191275
524,64.69706916316669,323.1875404627206
525,64.69529498143332,323.18787447142324
526,64.52648362496666,322.29800281073426
527,64.06216353699999,321.42387698689976
528,64.05173397903333,321.3838041484853
529,63.93618821600001,320.9413572026242
530,63.9050329509,320.8125617012239
531,63.90439270323336,320.8124620313554
532,63.83577253736669,320.3203215167153
533,63.71154918806668,319.8589288548715
534,63.54170159326667,319.42214096005887
535,63.279443260166666,318.4898869582084
536,62.84660712663335,317.0751942387179
537,62.20307566940001,315.275056111508
538,62.032559324433365,314.86552627688127
539,61.719185649500005,314.30185860509073
540,61.35497398246667,313.5765949275041
541,61.19556567249999,313.38018047830036
542,61.19645876173331,313.38042054049197
543,60.86845447039998,311.11892935189235
544,60.65008489126667,310.4732030719763
545,60.566222928966674,309.8532513805476
546,58.93301889286669,308.66512961670185
547,57.87506832920001,306.2137194256836
548,57.87174833106668,306.2008655250555
549,57.872179933733364,306.2006470698405
550,57.873001555466686,306.20003869182875
551,57.665548108,305.9431688371485
552,57.648178457933334,305.87005162952937
553,57.41523837700002,305.88518024627
554,57.414174973233386,305.8853682178595
555,57.41205377066673,305.88574218029345
556,57.41097945063341,305.8859289583731
557,57.410161908433416,305.88591959668224
558,57.40888805803342,305.8861436249712
559,57.4081114849334,305.88626369265677
560,57.332912731766726,305.5155208927648
561,57.33121148376671,305.5150782247461
562,57.271235937866734,305.21157912920177
563,57.245866852300075,305.10670633957693
564,57.24442535250004,305.1069881674882
565,57.24379494610006,305.10709147694536
566,57.235331543066714,305.06997063120536
567,57.20797484503336,304.892483362658
568,57.20722714640004,304.89210916375055
569,56.98292678590003,304.6088237151491
570,56.980636441166695,304.6092258948363
571,57.00496917743335,304.71358388742647
572,57.12040925020003,305.55492922277136
573,57.1152253037667,305.55581618599706
574,57.11381760430003,305.55540406037005
575,55.97854568273331,305.1306047607093
576,55.97844995019997,305.13077670383143
577,55.97840732503333,305.13132172592765
578,55.9796287022,305.1311140342615
579,55.97965478963333,305.131104428755
580,55.98005989433333,305.131026896622
581,55.97875329826666,305.1312978956138
582,55.9131789274333,304.8070291958652
583,55.91265784786665,304.8073139221029
584,55.90990130066664,304.8017811491591
585,55.909766944499985,304.80150697371545
586,55.90976441656666,304.80139937759634
587,55.90776681793334,304.80188937729145
588,55.90684374763336,304.8020494251964
589,55.905892461533355,304.8024565762849
590,55.837170722900034,304.4570487351292
591,55.836261014566674,304.4574477939282
592,55.835113641000014,304.45764662324046
593,55.8371187638667,304.47265992171754
594,55.83502941493338,304.4726934162407
595,55.8572225604667,304.6512683341331
596,55.85170800090003,304.6335752922452
597,55.77349697413335,304.27902541604846
598,55.74251937766669,304.15309435908966
599,55.729530934733354,304.0503686467048
600,55.747819531233354,304.16897139872844
601,55.74504596306667,304.16944480711186
602,55.760357274400015,304.2698870149012
603,55.758747852000006,304.26923601787655
604,55.750767637966696,304.23921435893885
605,55.751212745800025,304.2549750895722
606,55.74872894156671,304.2393536482561
607,55.748422723766694,304.2395081698482
608,55.7493334088667,304.2393660719734
609,55.73837633270003,304.1975842188696
610,55.73729808123336,304.1977708281169
611,55.73721159179999,304.1977855645676
612,55.736889356199995,304.1978824883515
613,55.73693882556666,304.197560830122
614,55.735728889366676,304.19766029684405
615,55.72497842289999,304.15669761426153
616,55.72361645256665,304.15688059566605
617,55.723584488999975,304.1568876249732
618,55.72231463729998,304.1574208484084
619,55.70635160890001,304.10395113289934
620,55.70595818583333,304.10401949605864
621,55.70504849953332,304.10417392054507
622,55.70412310606668,304.1042998416531
623,55.65688167560002,303.76897987759065
624,55.65574185883334,303.7691761570647
625,55.49503977563334,303.0621622494161
626,55.49240109523335,303.06261801529405
627,55.49156860813335,303.0621695332843
628,55.49246664573338,303.07647588333833
629,55.49104701490002,303.0767212153358
630,55.48835313076669,303.0790775596939
631,55.502119125666695,303.13168951367226
632,55.50169720593334,303.13176735786965
633,55.501769386533354,303.131756049716
634,55.50373936826668,303.1314214576923
635,55.50433331433333,303.13132159181134
636,55.49153111753334,303.0736433556186
637,55.49156936646667,303.0736347094424
638,55.477689218500004,302.99685957306326
639,55.46046560960001,302.92271374952696
640,55.382372895233324,302.53853915013525
641,55.38138563003335,302.53870903397194
642,55.38137326700003,302.5387111588538
643,55.34022714006671,302.292260410317
644,55.319349566566686,302.20196318266176
645,55.23732450246668,301.7998925507724
646,55.236837860866665,301.7999757128624
647,55.23637448646668,301.80005722393514
648,55.23575747016667,301.80042724220687
649,55.235292148233334,301.8003487301824
650,55.23321840843332,301.8007156971308
651,55.23173030356666,301.8001349098704
652,55.205995948699986,301.6938791756597
653,55.01444881556667,300.5558999323586
654,55.01185679916669,300.5563472783231
655,54.87761541363334,299.9741622577024
656,54.876736715833324,299.9757270646891
657,54.87510204523333,299.976005525651
658,54.87154152166666,299.9779607538374
659,54.89508128246666,300.0681554429999
660,54.89405026203332,300.068334514383
661,54.85046572703331,299.88602694852307
662,54.85238250496665,299.88572717402013
663,54.85284209449998,299.88572912076944
664,54.64933133306665,298.3334400046891
665,54.64977856449999,298.3333631757482
666,54.64966657309999,298.33343744321974
667,54.64856776969997,298.33362751594944
668,54.5944750544,298.01844994338853
669,54.56629940703335,297.8143233091944
670,54.565482937100015,297.81446279368174
671,54.56527628203336,297.8145333401273
672,54.565270675933355,297.8145351797588
673,54.5640798038,297.8147340539443
674,54.45037891920001,296.97420298871447
675,54.33131772343335,296.09383103754556
676,54.33160463316667,296.09378411780403
677,54.20528452936667,295.17605244012015
678,54.20748560626667,295.17569145667284
679,54.272368318600016,295.6559049721202
680,54.13900044806668,294.704343819661
681,53.596520822633344,291.97616097328313
682,53.59365057756669,291.9766521649129
683,53.15571851440001,289.8565146885328
684,52.381883893166666,284.55756792838645
685,52.205424394899985,283.4323931286806
686,52.20032582573334,283.4340606317987
687,52.1824586961,283.38410540186413
688,52.180392386499996,283.3848161339459
689,52.17884076749999,283.38532103390213
690,52.17937897876667,283.3852285411573
691,52.098614084999994,282.9219224083506
692,52.09735132889999,282.92213885025905
693,52.09742246259998,282.92212617314254
694,51.987597378766644,282.41092440742364
695,51.98697380839999,282.41103295458254
696,51.78854742866667,281.4008341434848
697,51.777127696866685,281.35559504845827
698,51.77667395443335,281.3558878094648
699,51.68649963113335,280.8445395850193
700,51.68496211133335,280.84480151440135
701,51.68434083416669,280.84504325270717
702,51.68328508920002,280.8452224032592
703,51.68290546270003,280.845288895211
704,51.682451714600006,280.84536567871584
705,51.681919717099994,280.84537914715355
706,51.66697482636667,280.7872103074924
707,51.5560128023,280.32937230069126
708,51.55333821353334,280.3299326157849
709,51.06934542503334,278.0237466225393
710,51.04776869250002,277.95279060502907
711,50.381519790133346,275.228724788396
712,50.36994302580001,275.1804961388408
713,50.35507967286668,275.0994304630781
714,50.350428255066696,275.10153204326076
715,50.361043327800054,275.1737483153381
716,50.35925656983338,275.1739465092432
717,50.36078098583337,275.173651518465
718,50.343375793133355,275.1010142977797
719,50.34371803016668,275.10096702724144
720,50.34488081996669,275.10056730260135
721,50.345482367966696,275.10033655913077
722,50.346690424766685,275.10014036568197
723,50.326609122166694,275.01460967581676
724,50.32611551633338,275.0146993525901
725,50.32714412953338,275.01453436130913
726,50.3287104711667,275.01428567281874
727,50.32886021300004,275.01434633871224
728,50.32896858140002,275.0143348369863
729,50.32810448476671,275.01433532187053
730,50.32724199860002,275.0144756444818
731,50.32675041293334,275.0148481802258
732,50.32570988213335,275.0149662858438
733,50.32434500306667,275.0151868614742
734,50.322285077966676,275.01552719054223
735,49.9950249144,273.73968123819157
736,49.99198286033332,273.7402515129267
737,49.90819941676666,273.4062147794115
738,49.90441346046666,273.4068566053167
739,49.07364023849998,270.910128133639
740,49.049931407933315,270.7939054882598
741,48.86233926496666,270.35035569351885
742,48.856936722733316,270.3528911128688
743,48.87051729893332,270.43892692336624
744,48.86911957496666,270.4391240469706
745,48.86777758003334,270.4393661532884
746,48.866548731666676,270.4395991154982
747,48.86453324906668,270.4401804373047
748,48.86459430616667,270.4401677771162
749,48.8626263567,270.4404930202138
750,48.85761393176666,270.4413275312355
751,48.85762488219999,270.4413240643051
752,48.85762294473333,270.4413239903449
753,48.85521204643334,270.4419522042764
754,48.749358322766675,269.8513299140264
755,48.763388084533354,269.97740530068353
756,48.76201914850003,269.9776344026188
757,48.76135302146669,269.9777452692717
758,48.76051886740004,269.9778858185136
759,48.574078858800036,269.5575601306983
760,48.573481318933375,269.5577308271019
761,48.57192436926669,269.5579899346534
762,48.57147059323335,269.55806513443844
763,48.55427879126668,269.431163731021
764,48.55188590463338,269.4315664306956
765,47.8926777299667,267.23317449706417
766,47.88591768313338,267.23429353402486
767,46.87164308516671,265.80412148496896
768,46.78469373736671,265.25005421776893
769,46.779606932333365,265.2509015474842
770,46.71936496230003,264.8920244141886
771,46.77290511783336,265.13200184489534
772,46.74976811060003,264.9527429543392
773,46.74700027143336,264.9531924588499
774,46.74292331056668,264.9538578552175
775,46.73969541580002,264.9543853951716
776,46.73932126683335,264.9544479375943
777,46.70249027540002,264.70451277179814
778,46.702495898566674,264.70451275337814
779,46.67430643230002,264.4742139334436
780,46.67378243606667,264.4743392746315
781,46.67340088496668,264.474402900704
782,46.67282369770001,264.47449799570757
783,46.56423231120003,263.8530607632436
784,46.563285927366685,263.8532154901569
785,46.508463536233336,263.5067689496313
786,46.290601726633355,263.3458221300845
787,46.290393347266686,263.3458568975275
788,46.29037330670002,263.3458597024105
789,46.28897933956669,263.34608590073344
790,46.28805654233334,263.3462374146433
791,46.33492434436665,263.75750062469456
792,46.33258612893333,263.7578805354054
793,45.76729961243333,261.8652335383238
794,45.75885780216666,261.8666017352687
795,45.07637478379998,261.7076499542763
796,44.70665706413332,259.2125723278116
797,44.70128866656665,259.21344141115617
798,44.4770590499333,257.84815919492
799,44.47580736619999,257.8538325933919
800,44.473699317266664,257.85416545356657
801,44.47073627456666,257.8547828196461
802,44.46761682586665,257.85517930709113
803,44.466000326499966,257.85544793650394
804,44.465119612299965,257.8555805007754
805,44.46484929716662,257.85562510236645
806,44.46432935036663,257.8557089625435
807,44.464973269133296,257.85560813532635
808,44.46549707139997,257.8558839749502
809,44.46360277759997,257.84930024401115
810,44.46244072569997,257.8494808445774
811,44.46124441149998,257.8496676899551
812,44.264631187199996,256.58015266213516
813,44.26354790226666,256.580324907789
814,44.0618637989,255.30581591388204
815,44.06070895840001,255.30599701222783
816,44.059260858133335,255.3062221443547
817,44.05750254130001,255.30650254875448
818,44.05577602810002,255.30677914486756
819,44.08066473330002,255.54692691212665
820,44.076945725233365,255.54751304326
821,43.30191003686669,253.06487980285942
822,43.29701670406667,253.06565613738718
823,43.29362729146667,253.0659996102929
824,42.09439555043332,246.0970477360656
825,42.0890923808,246.09789737283805
826,41.749027365166654,244.0054276458463
827,41.74383959546665,244.00571338351716
828,41.741753558666645,244.00604176437653
829,41.73895209733332,244.00647807479493
830,41.73707887446665,244.00677351594763
831,41.732888408099974,244.00744960246107
832,41.73001543189997,244.00789567757755
833,41.48880275856665,242.78818994430148
834,41.489319300866654,242.78810970365794
835,41.491082158833315,242.78784022885063
836,41.49185942943332,242.78771873941804
837,41.4909452717,242.78786363682977
838,41.49077214446665,242.78789142993244
839,41.490236616066646,242.78797256829353
840,41.49044103449998,242.78794055859353
841,41.408615460233314,242.29760723860076
842,41.157823864999976,241.11057773464617
843,41.15746304156664,241.1106376130425
844,41.15710073869998,241.11069892740375
845,40.98074215949996,240.0648569627129
846,40.97889638859997,240.06514320636737
847,40.964404869199974,239.95050728870683
848,40.59579890606663,238.10235079128904
849,39.45868114533333,234.68168861322508
850,39.45146102786666,234.6828024091384
851,39.44602672433332,234.68383238965018
852,37.791465974866654,228.32217488832987
853,37.787321381699975,228.32281163257758
854,37.240052854333314,225.20757660499908
855,37.23439785909999,225.2087832586577
856,37.230173545199975,225.20942243174477
857,37.227534746533316,225.20980846646228
858,37.222926662766646,225.21049925829513
859,37.22171658903332,225.2106975228368
860,37.21914686066665,225.21108610019968
861,36.916559498733314,224.54218331857916
862,36.91508255956664,224.5423170104403
863,36.60489227783331,223.98331782622256
864,36.604056780699985,223.98344147206467
865,36.60199013349999,223.9837461626079
866,36.60073017223333,223.98393310775708
867,36.600038882566665,223.98403846333701
868,36.599402791866666,223.98413487599163
869,36.599103833600005,223.9841815621764
870,36.28110763409999,223.5444415373005
871,36.27966520466666,223.5446551648186
872,36.27835082319999,223.5448470723941
873,36.276747073066666,223.5450831635911
874,36.27522706126665,223.54530976011515
875,36.27282149223333,223.54350365412628
876,36.270406634733334,223.54386011733985
877,34.748211422533345,218.50021776491485
878,34.74353461346667,218.50089755814105
879,34.486916089400005,217.04236378292148
880,32.99385085376667,213.9967542839175
881,32.98981924733334,213.99784222743398
882,32.32819254583333,210.50033599444018
883,32.32288719473333,210.5016880030747
884,32.07098288286668,210.0977505934512
885,32.06619072323335,210.09839000981233
886,31.918612473400007,209.39862690493922
887,31.916070923666666,209.3989822432672
888,31.915500775766663,209.3990663849102
889,31.915050879799995,209.39913081540612
890,31.915065779466666,209.39913237013323
891,31.91453634159999,209.39920382496982
892,31.915002357566664,209.39914394206852
893,31.91306245949999,209.39940912873894
894,31.9124338064,209.39949711344067
895,31.911956599533333,209.39955969305444
896,31.76208188866667,208.53296621911812
897,31.607707594699992,207.6667891358345
898,31.60637501726667,207.66696443122365
899,31.605419774300003,207.66709414674307
900,31.603873195900007,207.66729868528168
901,31.41403224223334,207.6680233288914
902,31.41232734626668,207.66824872621223
903,31.42553572413334,207.83188756839183
904,31.420880763566668,207.83251593201817
905,30.568691119666674,203.6411740314495
906,30.564364903233326,203.64176844656672
907,30.196018923099995,201.56700201650966
908,30.19369034773334,201.56539433687962
909,30.18684612766667,201.56631993277122
910,29.383655747333318,198.09534338454444
911,29.37767671503332,198.0959785204931
912,29.37127789599999,198.09683555356858
913,29.36730316609998,198.0973565063849
914,29.36354039843331,198.09784889526833
915,29.36098713809998,198.09819751657872
916,29.359677207366644,198.09837198597967
917,29.35901005599999,198.09846160266272
918,29.357592478999983,198.0986526622382
919,29.35603433653332,198.09885721924815
920,29.355943768133322,198.09886979976656
921,29.269609872766658,197.63694161675645
922,29.268740286999993,197.63705722003928
923,29.267141718499982,197.63726911926437
924,29.266928885233312,197.63729871093827
925,29.266384087099983,197.6373712430756
926,29.265691540066648,197.63746626115966
927,29.265703570699984,197.6374673776536
928,29.26499760546665,197.63721872439996
929,29.26476066903332,197.6372508891694
930,29.262998987066645,197.6374868737699
931,29.26146412219998,197.63697592585575
932,29.258301691433317,197.63740497533783
933,28.280141736066653,193.9296394164264
934,28.276212958433323,193.9301701372962
935,27.79576171276665,191.44328208456548
936,27.39543869546665,188.22609650619657
937,27.390730475299982,188.226730775583
938,26.4746944535,185.20292440506125
939,26.467330385000004,185.20393190499655
940,26.463138770966673,185.20448967940763
941,26.45931036686667,185.20498055231246
942,26.45698159586667,185.20528994337857
943,26.454920662499998,185.20556088061284
944,26.45394014493334,185.2056892592935
945,26.453885947733337,185.20570272680033
946,26.452032240866664,185.20594107576858
947,26.45180751736667,185.20597980179065
948,26.4519507144,185.20596922983054
949,26.45104907203333,185.2060817605346
950,26.4510772967,185.2060804060593
951,26.4500813694,185.2062053522752
952,26.449843165966662,185.2062378877042
953,26.44900698903333,185.20634509025214
954,26.4481167983,185.20645801942425
955,26.447859540133333,185.20649341837444
956,26.447348346199995,185.20655948422447
957,26.4463323525,185.20668942122757
958,26.444919713066664,185.206874132272
959,26.44381855513333,185.20565409294622
960,26.4416915818,185.20593416195945
961,25.3374538796,182.5990394363398
962,25.3341808593,182.59945090737122
963,24.761062278300006,179.9192958894344
964,24.149086780633336,175.15958060050312
965,24.14291957476667,175.1603606407024
966,23.111105722766666,173.19432745974632
967,23.105846391600007,173.19563999479206
968,23.102835319700006,173.19599957317038
969,23.10207256643334,173.19610798206097
970,23.099208835566667,173.19644526991692
971,23.094586858566664,173.19699284755535
972,23.09395852916667,173.19707678657895
973,23.093870926966666,173.1970896192951
974,23.092379844533333,173.1972769789394
975,23.091237328733328,173.19741263033382
976,23.09110256806667,173.19742660373265
977,23.09114354996666,173.19741911535763
978,23.09048149853333,173.19748925549254
979,23.09026811413333,173.19770506512688
980,23.089658611399997,173.19776413791672
981,23.088771000899996,173.1978597156911
982,23.087714780033334,173.19796804191023
983,23.085974562900002,173.1981594660511
984,23.085685401133322,173.19819529884228
985,23.08544211983333,173.19822071029535
986,23.083398157799998,173.19844591627955
987,23.092016771033332,173.3560889553827
988,22.86843174563333,173.16898045525286
989,21.891842737599994,172.4557042819974
990,21.8866167557,172.45626839839576
991,21.21679450826666,169.85401691057226
992,20.936310832766665,167.77860628337436
993,20.929635592933327,167.77935889367302
994,20.470927009099995,167.64450985685153
995,20.442193114066672,167.4808209138175
996,20.439431969933334,167.4811250723512
997,20.436843445966673,167.4813987892168
998,20.43354574640001,167.4817430582925
999,20.428539012133346,167.4822822656705
1000,20.428205796866678,167.48232009239493
1001,20.42703977110001,167.48244243840935
1002,20.42698480033334,167.48244861242247
1003,20.42633651563334,167.48252256444823
1004,20.426360769633337,167.48251966770675
1005,20.42567803930001,167.48258906499606
1006,20.425892233366675,167.48257267695203
1007,20.42551274173334,167.48261207267024
1008,20.425279865566676,167.48263736996157
1009,20.424337204233343,167.48273522922224
1010,20.42397983593334,167.48277001819943
1011,20.42315949870001,167.48286062315844
1012,20.422827824066676,167.4828941117108
1013,20.278483461633343,167.00805804715526
1014,20.27746072670001,167.0081696457505
1015,20.200312772333344,165.97356310129453
1016,20.197336333166675,165.97389123834054
1017,20.19744787143334,165.97388053941924
1018,20.194193377433336,165.97423371905836
1019,19.416496400400003,164.02396805305116
1020,18.959853450900006,160.80378586034323
1021,18.95577549430001,160.80422510271865
1022,18.95048028033334,160.80477626588603
1023,18.808309867700004,159.58925233700208
1024,18.805393846933335,159.58955565956535
1025,18.80315504103333,159.58979026303794
1026,18.801796006733333,159.58992771742726
1027,18.7986324114,159.59027520048664
1028,18.797384140633334,159.59040125301877
1029,18.797467196366668,159.59039605440702
1030,18.7974656227,159.59039943778305
1031,18.7980113575,159.59035161426976
1032,18.798310363899997,159.5903283689904
1033,18.79820978896666,159.59033967832718
1034,18.797934487633327,159.590369440321
1035,18.79874135463333,159.59029948361797
1036,18.798915934533326,159.5902855495843
1037,18.797872739133325,159.59039175691305
1038,18.631781571099996,159.30334832711355
1039,18.631354256999998,159.30339339972585
1040,18.63165665016666,159.30336702617294
1041,18.63049695493333,159.30347911343625
1042,18.629599114599998,159.30357368632224
1043,18.369344673133327,155.6874019492402
1044,18.36677053253333,155.6876702169459
1045,18.36620951443333,155.6877243951733
1046,18.361875812599997,155.68817580085837
1047,17.47150269906666,155.01285877678131
1048,16.610176934566663,149.63774509970096
1049,16.605393961699992,149.63822441261593
1050,16.60021902323333,149.63873216455778
1051,16.411425642633333,148.26459639506646
1052,16.408308161566666,148.26490145234442
1053,16.404030336966663,148.26529592758473
1054,16.402282348766665,148.2654533424768
1055,16.39952102246666,148.26573778148133
1056,16.398438735733325,148.26584351053995
1057,16.398917037833325,148.26580169216774
1058,16.39883975983333,148.2658094346449
1059,16.398195873133336,148.2658609810415
1060,16.398153193533336,148.26586402618372
1061,16.3982754004,148.26585378611122
1062,16.396956992899995,148.26595996657787
1063,16.396531143199997,148.26600033165113
1064,16.39660208863333,148.26599685329847
1065,16.394754306133326,148.26616765797402
1066,16.323971520399994,147.24713242431972
1067,16.32395969316666,147.2471285113616
1068,16.323225732499996,147.24718782123946
1069,16.322054798299995,147.24728403790078
1070,16.32150859103333,147.24733311380987
1071,15.877298576533331,140.88433065072368
1072,15.873277455099997,140.88470641035204
1073,15.87211344386666,140.88480676416336
1074,15.867413142333332,140.88525155010822
1075,15.861602829966662,140.88578710083766
1076,15.080935763766666,136.9134423687937
1077,15.0760710894,136.91392016381087
1078,15.07003702743333,136.91448823105887
1079,14.800267277399998,134.87775188932017
1080,14.7942033194,134.87830073027115
1081,14.788533973933333,134.87879975152345
1082,14.786556115,134.87896931935055
1083,14.781925184499997,134.87938636485723
1084,14.67254468303333,133.29535900456722
1085,14.671961892333327,133.2954099842069
1086,14.671299606233328,133.29547074752037
1087,14.671061583466662,133.29549182643336
1088,14.670415897499998,133.29554585256253
1089,14.669971204133333,133.29558386421715
1090,14.669072925666667,133.29566439368523
1091,14.668723610399999,133.29569005669526
1092,14.668699488800003,133.29569856619008
1093,14.666328095033334,133.29590873806885
1094,14.666398022733338,133.29590871038906
1095,14.665134577533335,133.2960172229387
1096,14.664953211166667,133.29603247656405
1097,14.664247144433332,133.2960945983104
1098,14.663942631466664,133.29612128493304
1099,14.662206281499996,133.2941802195412
1100,14.659761438966665,133.29440811967038
1101,14.658475430233333,133.29451780805172
1102,14.65526318303333,133.2948187869657
1103,14.648764666199998,133.29540611904005
1104,14.226321919899998,131.61328280589208
1105,14.220172275333335,131.61386965557955
1106,14.213296352333337,131.6145086444364
1107,13.8624030088,129.08303109812908
1108,13.856813012533337,129.08353047388306
1109,13.851769917700004,129.08397325956878
1110,13.850045641166664,129.08411398801584
1111,13.844620600099997,129.08460003918958
1112,13.8434520138,129.08470428963454
1113,13.842343201066667,129.08479753027967
1114,13.841926117566663,129.08483422779466
1115,13.842043229399996,129.08482589309958
1116,13.842036519400002,129.08482617343867
1117,13.841322175033335,129.08489043948376
1118,13.840299153733334,129.0849812886944
1119,13.840230802166667,129.0849852538651
1120,13.8401153523,129.08499565426368
1121,13.838781987899996,129.08511161680298
1122,13.838277406999996,129.08515282920473
1123,13.838121911066665,129.08505625574404
1124,13.837944967266663,129.08507080160376
1125,13.837413632199995,129.08511923972438
1126,13.837023892466663,129.0851512610573
1127,13.834860757866663,129.08238657002073
1128,13.832391315266666,129.0826091811169
1129,13.830848062566666,129.08273918068122
1130,13.82579239483333,129.0831895082528
1131,13.820103830033334,129.083682339981
1132,12.688301487366667,126.40617537163357
1133,12.6816303495,126.40675590434482
1134,12.674684953400002,126.40734859274814
1135,12.243524352933333,123.53502217445505
1136,12.240061973866666,123.53531461200946
1137,12.236322165333332,123.53561990097514
1138,12.235271063233334,123.53569617332221
1139,12.228813575366669,123.53621432372658
1140,12.227154199033334,123.53634952871124
1141,12.2266400733,123.53639412304398
1142,12.225951334266663,123.53645244413603
1143,12.226089372899997,123.53644176404003
1144,12.226255439866664,123.53642966809939
1145,12.22566566073333,123.5364783165985
1146,12.224512987766664,123.53657118281244
1147,12.224115362066668,123.53659798142598
1148,12.223690303033331,123.53662537130359
1149,12.222100420866667,123.53674428441559
1150,12.221598049200002,123.53678215735314
1151,12.221491096066668,123.53678964730949
1152,12.22139254826667,123.5367971704914
1153,12.220045619833334,123.53689797191012
1154,12.219447672033336,123.5369437934936
1155,12.216237598433336,123.53439050232512
1156,12.212930386200002,123.53465388762808
1157,12.2109486699,123.53480680948154
1158,12.206167383966669,123.53519787428993
1159,12.201600876900004,123.53555992194629
1160,11.712673591033337,123.29452233668417
1161,11.70722723646667,123.29495671340817
1162,11.699561907866668,123.29556702609116
1163,11.189358381800002,120.36101200017346
1164,11.186317425733334,120.36124996453151
1165,11.183161598733333,120.36147729698024
1166,11.181263881333333,120.3616011044948
1167,11.177277431533334,120.36189817573684
1168,11.174493215466667,120.36208880969028
1169,11.174106127800002,120.36211448459133
1170,11.173185110366669,120.36217875530232
1171,11.173412492799999,120.36216540185161
1172,11.173501233333335,120.36216046254286
1173,11.1736512288,120.36215126551001
1174,11.173425606533337,120.36217250998308
1175,11.173328764500003,120.36217850608648
1176,11.173294265133338,120.36218153369876
1177,11.173280171200004,120.36218275882378
1178,11.172982361733338,120.36219708449535
1179,11.17253698296667,120.3622308996839
1180,11.172343661466671,120.36224249410546
1181,11.171727284500005,120.36228884229466
1182,11.171414138433336,120.36231089057199
1183,11.168780966233337,120.36007883839368
1184,11.16551665566667,120.36032234131761
1185,11.163365586200003,120.36047880342426
1186,11.158621147033333,120.36084639694518
1187,11.153329707566666,120.36123355742926
1188,11.151341282099999,120.36138402964625
1189,11.146132333733334,120.36178857768209
1190,11.137213872933334,120.36248426426452
1191,10.546154088499998,117.67569284396403
1192,10.54147341843333,117.67601509199255
1193,10.538092262,117.6762429011137
1194,10.534974927366667,117.67644413684455
1195,10.5299479532,117.67681587183044
1196,10.526702066233334,117.67702961316749
1197,10.5261822552,117.67706512332094
1198,10.525389649566666,117.67712094076705
1199,10.524795048466666,117.67716177849694
1200,10.524884357900001,117.67715483738465
1201,10.52446006176667,117.6771842282841
1202,10.523638792833333,117.67724432526641
1203,10.523680782000001,117.67724418674311
1204,10.521596802100001,117.67737405398576
1205,10.520900993166666,117.67742796824838
1206,10.520275313433334,117.67746619438017
1207,10.519657997233333,117.67750932430805
1208,10.519013728733333,117.67755089155887
1209,10.5181505929,117.67761620433251
1210,10.518019807766667,117.67762880953777
1211,10.160120120233332,111.6845678875509
1212,10.156846193166665,111.68480979758296
1213,10.027740451266663,111.18336057710648
1214,10.02188381303333,111.18380490134777
1215,10.016810057299995,111.18417008102139
1216,10.012113567699997,111.18447528766207
1217,10.007324910599998,111.1848363516567
1218,9.99703203203333,111.18562504247281
1219,9.3097560541,109.19706858238374
1220,9.303582808599998,109.19745655318972
1221,9.300840738566665,109.19762304497927
1222,9.298154239066665,109.19779944114141
1223,9.29338264213333,109.19812812803366
1224,9.28988263053333,109.19833732921188
1225,9.289492089166664,109.19836094602661
1226,9.28911433783333,109.19838291448339
1227,9.289076495066663,109.19838685583845
1228,9.289174691166663,109.198385012082
1229,9.288585019799996,109.19842143073711
1230,9.287817942899999,109.19847406449692
1231,9.287340384799997,109.19850128184632
1232,9.287289884866663,109.19850416680875
1233,9.287127523066662,109.19853294324997
1234,9.287100747099997,109.19853401669346
1235,9.286267337966663,109.19859596586743
1236,9.286166458099997,109.19860626296506
1237,9.285779834599996,109.19865812423339
1238,9.285637962866664,109.19867385469637
1239,8.567184937133328,96.91445064691844
1240,8.5614551344,96.9147672667086
1241,8.557346675933333,96.91502538423198
1242,8.5504522208,96.91551421353519
1243,8.545033351300003,96.91589903324758
1244,8.539143056766672,96.91624983740127
1245,8.533490865533338,96.91665458419308
1246,8.52167674686667,96.9174205919091
1247,7.754251115433334,96.06202319326303
1248,7.7468237213,96.06241934507636
1249,7.740678302533335,96.0627466479388
1250,7.737985055366667,96.06290549084974
1251,7.734575610766666,96.06312471137868
1252,7.731359157599998,96.06330976109187
1253,7.729022341566667,96.06342251754056
1254,7.728723426366666,96.06344173353921
1255,7.728654062266666,96.06344818742816
1256,7.7285202910666655,96.0634459340405
1257,7.727013847933333,96.06351996992187
1258,7.725931678766665,96.06357961790856
1259,7.725610370766666,96.06359342091052
1260,7.725685361899999,96.06358920017108
1261,7.725718753966665,96.06358906023104
1262,7.725437993033331,96.06360087457102
1263,7.724335184566665,96.06366678529362
1264,7.724323955433333,96.06366940650548
1265,7.7232323847,96.06374461937348
1266,7.722481940066666,96.06378660043262
1267,6.8513321997,81.04207752142149
1268,6.848037626033333,81.04226092911514
1269,6.8444205037333345,81.04247166078946
1270,6.837440519600001,81.0429002169518
1271,6.8309325045,81.0432966955768
1272,6.8261603366,81.04355225590328
1273,6.8203736198666665,81.0439231249939
1274,6.8085680801,81.04456133658941
1275,6.801073821566666,81.04498403138055
1276,6.794589884466666,81.04531973121667
1277,6.790308276166668,81.04554189033328
1278,6.787944630233334,81.04569548109764
1279,6.783978903366669,81.04593555109024
1280,6.780725559500001,81.04610924746619
1281,6.779096495800003,81.04619679884698
1282,6.779085530966669,81.04619413838243
1283,6.778732624000003,81.04621857096649
1284,6.778754964133337,81.04622590031931
1285,6.7772564016000025,81.04630036836612
1286,6.776546409033335,81.04633259204329
1287,6.775837224500004,81.04636656295712
1288,6.776185082233336,81.04635042595667
1289,6.775489178266669,81.04638131896529
1290,6.775194316600001,81.0463836739499
1291,6.773707999833336,81.04647720239498
1292,6.772960724233336,81.04650791707377
1293,6.771667226833335,81.0466053025252
1294,6.770204658600002,81.0466888143608
1295,5.745764581166669,63.389832833543956
1296,5.7424912282333365,63.39001158165287
1297,5.740427002466668,63.39013089643244
1298,5.7350163636000016,63.39045773261672
1299,5.7292347568,63.39082546293485
1300,5.7263731015,63.39097063774319
1301,5.721719038166666,63.391267958154394
1302,5.710212470399999,63.391924638182665
1303,5.700439262166668,63.39244219924554
1304,5.692622822233334,63.39287102608414
1305,5.688166579099999,63.39309949187468
1306,5.685728671166666,63.39327606331665
1307,5.680381882033333,63.39359289756598
1308,5.677859899933333,63.39374315143732
1309,5.6763080742,63.39383019747989
1310,5.676290838766666,63.39384008026643
1311,5.675795042533333,63.39387669336703
1312,5.6759138816,63.3938761455883
1313,5.675431922,63.393903723087256
1314,5.675325854033333,63.39390812012749
1315,5.675314818633333,63.393914403447496
1316,5.676002301966665,63.393884523388984
1317,5.675861871366665,63.3939065283473
1318,5.675979749099998,63.39390360242197
1319,5.675597688133331,63.393928156188736
1320,5.675346191999998,63.393938612802344
1321,5.674907294133331,63.39397740794968
1322,5.674318278666665,63.39401436112314
1323,4.498996344066665,43.10320895937977
1324,4.495844818966665,43.103377976928016
1325,4.493118413366664,43.10352351772503
1326,4.487875341299999,43.10384171973974
1327,4.481900886666666,43.104216783170784
1328,4.476912559433334,43.10444306208578
1329,4.473515042800002,43.10469979762226
1330,4.4628994844333345,43.10532704343492
1331,4.4531219609666675,43.10588773029258
1332,4.446237679099999,43.10628997696633
1333,4.4402159409,43.106590231157625
1334,4.438045671666667,43.10673639467182
1335,4.431769878500001,43.107096158695015
1336,4.429758580933334,43.10720642319552
1337,4.426613802666667,43.1073545316097
1338,4.426207261266667,43.10738633413779
1339,4.4260316124,43.107407023302066
1340,4.426542534433334,43.10740189923442
1341,4.426108906766667,43.10742548846143
1342,4.425792188433334,43.107452852889566
1343,4.425330075900001,43.107463186437585
1344,4.425391774266668,43.1074659917993
1345,4.425215333533335,43.107485783825894
1346,4.425202865533335,43.10748647153414
1347,4.425176862700002,43.1074914131281
1348,4.425081478300002,43.10749746617528
1349,4.424782360466668,43.10753388228656
1350,4.4240609614333355,43.10757484581018
1351,3.645261818533335,29.66922966304918
1352,3.6418916563666683,29.669406787778072
1353,3.639701686400002,29.669528876535306
1354,3.6336701071666693,29.66981344777663
1355,3.6279656198666688,29.670227572019023
1356,3.623727965100002,29.67041487563294
1357,3.619981950500003,29.670676969571765
1358,3.6096755450000018,29.671246199414067
1359,3.6002770428333344,29.671732787748667
1360,3.593746391566668,29.672152756109828
1361,3.586668682166668,29.672522533357252
1362,3.583869882133335,29.672751720145914
1363,3.577533017866668,29.673101053798668
1364,3.575437955066668,29.67320982230655
1365,3.571373362733334,29.673390305093267
1366,3.5707397936333343,29.67345119251364
1367,3.570633627033335,29.673483216680783
1368,3.570765067900001,29.673480095246994
1369,3.569874425300001,29.67350169086655
1370,3.5696665872666684,29.67350190223232
1371,3.569398196200002,29.67351365863573
1372,3.5688779042000025,29.673521866182796
1373,3.5685781074000027,29.673547968575125
1374,3.568458446466669,29.673554322514992
1375,3.5681036081333355,29.67356560755723
1376,3.5680955024666687,29.673561797093505
1377,3.5674647934000023,29.673608904342892
1378,3.56683704366667,29.67366075885987
1379,2.1486398057333327,5.238416833848711
1380,2.1449149542,5.238620001974572
1381,2.1421475595999984,5.238663174005819
1382,2.1349087640333324,5.238799871488869
1383,2.1306657317999984,5.239414183986171
1384,2.125163566766666,5.239026431802786
1385,2.1208525736666655,5.2389746231793275
1386,2.1120402381333325,5.239750066937948
1387,2.1021501341333333,5.23983616116712
1388,2.0952676173,5.240700484301692
1389,2.0883745613333335,5.240817119919874
1390,2.083564892733334,5.240508373271267
1391,2.076217003666668,5.240492982296071
1392,2.073852158000001,5.240602182758774
1393,2.0693162316666682,5.240477469241489
1394,2.068224228400001,5.240461232657161
1395,2.0672772982666676,5.240517424338932
1396,2.0672160684333347,5.240496090459179
1397,2.065866584900001,5.240421245321283
1398,2.0655739793000008,5.24043323077546
1399,2.064886594733334,5.2403973951446785
1400,2.0650181875000007,5.240423867514766
1401,2.0645006544,5.240379006515001
1402,2.0641902798999996,5.240351807753869
1403,2.063825193133334,5.240301966968572
1404,2.063141435766667,5.240185742857213
1405,2.062661609666667,5.240194694387566
1406,2.061985909466667,5.240318286076751
1407,1.7585912868,0.9727297261384495
1408,1.7544387437,0.9721644059387184
1409,1.7513350511333332,0.971441601122449
1410,1.7442943218333327,0.9712376702935457
1411,1.7391842272333333,0.9730624648942566
1412,1.7347178853333336,0.9696896839348652
1413,1.7313679237666668,0.9688505181878106
1414,1.7250418226333328,0.9706942270504257
1415,1.7139026534666664,0.9691473532663153
1416,1.7076338970666667,0.9729287849716773
1417,1.7004753851999994,0.9715942887264372
1418,1.6949854367999995,0.9674419605715068
1419,1.6885711523999989,0.9657757224371953
1420,1.6872173072333323,0.96603842252292
1421,1.6840721387333326,0.9654787785760351
1422,1.682867760833333,0.965480197311902
1423,1.6825085583333328,0.965683177152554
1424,1.6816680888333326,0.9637264976500082
1425,1.6803042353333324,0.9622694499072143
1426,1.680180404766666,0.9621415792227226
1427,1.679214899866666,0.9607759687906067
1428,1.6794680370999995,0.9611594004119416
1429,1.6794200155666663,0.9611340459382074
1430,1.6796154494666662,0.9614143748712216
1431,1.6792950322999995,0.961548092233901
1432,1.6792517185333329,0.9616362362361096
1433,1.6788782441666663,0.9621175054806576
1434,1.6781110729666664,0.9618879398452487
1435,1.6766706826666666,0.9637411654555259
1436,1.6748379143666667,0.9639063522629523
1437,1.6731390780333335,0.9634469238428793
1438,1.6655666927666672,0.9652302333008456
1439,1.6604565401333344,0.9653477510326948
1440,1.6553872198666677,0.9613481359533004
1441,1.6520524968000008,0.9613314473041217
1442,1.6449546702000013,0.9629095844757315
1443,1.633511015466667,0.9627097737516752
1444,1.6309185025000004,0.9622606475070197
1445,1.623455461200001,0.9621860619337995
1446,1.6167694746666676,0.9534793029013071
1447,1.6125085592000006,0.9540255700784039
1448,1.6107691207000003,0.9535206274042144
1449,1.6074355981333335,0.9522246084459389
1450,1.6067317993666672,0.9535941908128737
1451,1.6059541305000002,0.9530097025002351
1452,1.604221781866667,0.948917194885307
1453,1.6039985688666671,0.9487973512509105
1454,1.604030485133334,0.9488376946022902
1455,1.6030610922666675,0.948031587121626
1456,1.6028701717000007,0.9476170032633733
1457,1.6028661244000009,0.9474912760607149
1458,1.602908792300001,0.9475728784869393
1459,1.6025522105000007,0.947877423110378
1460,1.6022774831000008,0.9476747778384558
1461,1.6019985433333341,0.9477579083847949
1462,1.6014868195333343,0.9484637949294779
1463,1.601234304500001,0.9485248180112451
1464,1.5992432533666678,0.9481996766018889
1465,1.596441908000001,0.9468853657515907
1466,1.5891594929333341,0.9493330482118324
1467,1.584393503666667,0.9476663896053741
1468,1.5795071987000002,0.9452725880123299
1469,1.5756792652,0.9456931335163606
1470,1.5669575542999998,0.9482255864016136
1471,1.5550026030000001,0.9513930938971604
1472,1.5536624253,0.9504228326361793
1473,1.5471173888333336,0.9523330249665284
1474,1.5402321228666667,0.9449789877160901
1475,1.5360955614333336,0.9459472350809022
1476,1.5343802459000002,0.9449630934363235
1477,1.5313448461666672,0.9445133310416092
1478,1.5309957424000002,0.9461236116940772
1479,1.5309438155333335,0.9461136386359785
1480,1.5291247493333338,0.9429841689638346
1481,1.5288759979999997,0.9435027261348105
1482,1.5288456433333328,0.9430891131766311
1483,1.5279557606666663,0.9422976815579788
1484,1.5278797508333328,0.9421449167892916
1485,1.527779529633333,0.941906210091785
1486,1.5272078730333327,0.9417976084277423
1487,1.526661240033333,0.9420783394294496
1488,1.5265946785999995,0.9420680471663596
1489,1.5264522678999994,0.9419239665312201
1490,1.5259216482666662,0.9420880635306645
1491,1.525505386133333,0.9424421078344085
1492,1.5236988998333332,0.9417650941136388
1493,1.5209576140666665,0.9416077068892593
1494,1.513402516233333,0.9456994511373233
1495,1.509415438633333,0.9444973938847643
1496,1.505410864633333,0.9426065009817337
1497,1.501537295766666,0.9424373082646041
1498,1.4923473495333328,0.9440337756077746
1499,1.4802033750333325,0.9492997282992075
1500,1.4791685003333326,0.9487581347361139
1501,1.473809796666666,0.9506900510671936
1502,1.464472850033333,0.9414871253471107
1503,1.4599655756000003,0.9431982903252076
1504,1.4581271633333335,0.9423097725207242
1505,1.4563926739999997,0.9422120530171639
1506,1.4555746248333332,0.9443472641258011
1507,1.4553060695666664,0.944278437889157
1508,1.4547648085,0.9436545153675607
1509,1.4540239034333329,0.9426650476981071
1510,1.4541075772333334,0.9425573290250677
1511,1.4531275499333332,0.941734538396203
1512,1.452854690233333,0.9409940183693147
1513,1.452404958333333,0.9401764054262538
1514,1.4518827157666663,0.9385486509146064
1515,1.4515363031333328,0.9392992572878718
1516,1.4515207270666661,0.9392755076228697
1517,1.4515207270666661,0.9392755076228697
1518,1.4510518512333326,0.9398675684465547
1519,1.450604401866666,0.940534008606822
1520,1.4490300558333324,0.9401711118685738
1521,1.4464226922333325,0.9392118954386744
1522,1.4397345599666658,0.9436173923792884
1523,1.4352798730999994,0.9398195008198593
1524,1.4323735581666663,0.9385284537816109
1525,1.4308067482999995,0.939098530501942
1526,1.4214238691999999,0.9403465505234094
1527,1.4113958449333335,0.9447090543896755
1528,1.4100285773333334,0.9437829641614013
1529,1.404996965666667,0.9460147928752258
1530,1.3981243838333337,0.9404652278339524
1531,1.3933003951000007,0.9425980555127118
1532,1.3919678234000006,0.9422714735194073
1533,1.3903359496000007,0.9420025871771173
1534,1.3896593298000004,0.9433347024969772
1535,1.3899928891333335,0.944564600658072
1536,1.390139151566667,0.9448596127760649
1537,1.3897140783333337,0.9447437785443857
1538,1.389458324066667,0.9443928893479717
1539,1.3893241297333339,0.944307545296952
1540,1.3892740553666671,0.9442248401755321
1541,1.3893408973000005,0.9445594515011786
1542,1.3893640428666671,0.9446114785809402
1543,1.3886944610000007,0.9450392756730086
1544,1.3883690985000006,0.9446423503107563
1545,1.3883733470666673,0.9446334272922016
1546,1.3876840671333337,0.9449366200487999
1547,1.3870918819666669,0.9453609429878878
1548,1.3853930050000005,0.9455040858820671
1549,1.3828732978000005,0.945020440191046
1550,1.378822581333334,0.9477729552344379
1551,1.3751893646333342,0.9461151131135401
1552,1.3722455127333344,0.9445993149817817
1553,1.3701726730666677,0.9457144207385286
1554,1.3628231158666677,0.9452301009378149
1555,1.3557253734666672,0.9474450594183559
1556,1.3536050496666672,0.9455561415898562
1557,1.3505618573333342,0.9462487185399627
1558,1.343955303533334,0.9429673028789284
1559,1.339365484633334,0.9452149700574859
1560,1.3385433453666673,0.9448039965353533
1561,1.3349805104666672,0.9434650302137683
1562,1.3347019709333339,0.9434487663344471
1563,1.3341646130666673,0.9431558224877644
1564,1.3343243637000004,0.9434794976516782
1565,1.3334902883000004,0.9430185666038888
1566,1.333273892366667,0.942608515613923
1567,1.3323946544000007,0.9422214751558646
1568,1.3326475709666672,0.9426272110261571
1569,1.3322838152000005,0.9422830393316158
1570,1.3321675975000005,0.9420832187674208
1571,1.3316170162333336,0.9426202238978567
1572,1.3313388238666668,0.9420368167963855
1573,1.3308990188,0.9415543174540162
1574,1.3302855777333333,0.9417142733932
1575,1.3296665369666665,0.9420568729891665
1576,1.327942587066667,0.9427954682028227
1577,1.3264198057666667,0.9430637148886792
1578,1.3221530684666665,0.9445483685697533
1579,1.3191517246999998,0.9428353268652923
1580,1.3163551049333333,0.9416359698764818
1581,1.3138506076666665,0.9419301171226926
1582,1.3079329399666664,0.9402889417235202
1583,1.3015163117000002,0.9412226738083469
1584,1.2995393422000001,0.9402752284327308
1585,1.297017344333333,0.9416390573402502
1586,1.2919014850666661,0.9405342094530664
1587,1.2871321436999992,0.9417680247191004
1588,1.2857220968666658,0.9410094372623523
1589,1.2814338416666662,0.9396818791446963
1590,1.2812204726999996,0.939535406062185
1591,1.2807873080333327,0.9396286090572712
1592,1.2809538091666661,0.9399474459035534
1593,1.2797797310666663,0.9390139403819033
1594,1.2796565777333333,0.9391069135463334
1595,1.2785883727999996,0.9388717376667709
1596,1.2785424333666664,0.9387966031003384
1597,1.2784183642333329,0.9390855794800275
1598,1.2783913107999998,0.9389356992819028
1599,1.2784492144999997,0.9391528695972456
1600,1.2785598136999998,0.9394696111531995
1601,1.2786330058666662,0.939543021115681
1602,1.278028152233333,0.938696744418991
1603,1.2777327254999997,0.939081416789663
1604,1.2766945666999996,0.9396620326373686
1605,1.275812425433333,0.9396092164056191
1606,1.2731573467999997,0.9412527697813925
1607,1.2699874394999997,0.9393239183123832
1608,1.2672864006999993,0.938810428480234
1609,1.265929176233333,0.9412044902380065
1610,1.2596241339666663,0.9391678448858274
1611,1.252972150666666,0.9400952078083559
1612,1.250867535566666,0.939071732957482
1613,1.2483177758333328,0.9402227990221916
1614,1.2447803353999998,0.9395695074224347
1615,1.2398202878333326,0.9392335075935506
1616,1.2386027072999997,0.9388470091036317
1617,1.2345818106,0.9372600525743155
1618,1.2344849867333332,0.9376772120489729
1619,1.2338032422333332,0.9372543947644018
1620,1.2338998533666665,0.9375396743027044
1621,1.2323900426666665,0.9369505154064555
1622,1.2322394037666664,0.9369489884742108
1623,1.2321815175666666,0.9370467617191863
1624,1.2322032586333331,0.9371340560537551
1625,1.2322394780666663,0.9371437059103386
1626,1.2322394780666663,0.9371437059103386
1627,1.2322504437999997,0.937151456868971
1628,1.2322499078666667,0.9371442291930455
1629,1.2321532838999998,0.9370636420374893
1630,1.2318112323666666,0.9367140716241258
1631,1.2315991884666664,0.9370284446347273
1632,1.230286636466667,0.9377263665474871
1633,1.228748892,0.9370297379132025
1634,1.2256427489666668,0.9392851930652094
1635,1.2223158115000003,0.938664208554404
1636,1.2186853151000003,0.9377583690429573
1637,1.216543687366667,0.9388315186648762
1638,1.209338564866667,0.9365769086246323
1639,1.203266441000001,0.9382494687633809
1640,1.2005323383666675,0.9379341751388885
1641,1.197708565966667,0.9399061910564869
1642,1.1944467941666674,0.9410470138840193
1643,1.1891184210000008,0.9404690328633661
1644,1.185811041000001,0.938842820759628
1645,1.1828836884666674,0.9376035238852959
1646,1.1833213135000005,0.9385644954148741
1647,1.182973823733334,0.9387294870567087
1648,1.1827486082666672,0.9384761885953369
1649,1.181056416966667,0.9380658833822791
1650,1.180923042333334,0.9381148199528332
1651,1.1807815121666672,0.9382557501256635
1652,1.1805032213666675,0.9376679834506311
1653,1.1804447419666675,0.9375782794028443
1654,1.1803195212000006,0.9374688035551451
1655,1.1804118794666674,0.9377271840499323
1656,1.180355893833334,0.937680049309018
1657,1.1803522814333343,0.9376927882597841
1658,1.1801043565666673,0.9371883791144859
1659,1.1797710610666676,0.9375341351297671
1660,1.1780913240666677,0.9380197316975591
1661,1.175582525400001,0.9362708983825235
1662,1.1732358915000005,0.9370893110216761
1663,1.170089570866667,0.9373489222634932
1664,1.1657020885666667,0.9363216540245479
1665,1.1627272391333336,0.936208232514215
1666,1.1556140012,0.9337512290536392
1667,1.1520646227333329,0.9345180775799542
1668,1.148217418233333,0.9340186706829966
1669,1.1453569547666662,0.9349964536232185
1670,1.1415362345666666,0.9364286259407382
1671,1.1369045961666662,0.9337205461270315
1672,1.1338058358666663,0.9331203435861328
1673,1.131080780933333,0.9316634937379064
1674,1.1309865174333327,0.9319201114648812
1675,1.1306842420666663,0.9325063712881342
1676,1.1307260479333332,0.9324237859961849
1677,1.128825038933333,0.9326222197135687
1678,1.1286401157333332,0.9327631988952293
1679,1.1282522387666665,0.9326222303678867
1680,1.1279325565666662,0.9318501247622181
1681,1.1279035961666664,0.9321128617524669
1682,1.1279035961666664,0.9321128617524669
1683,1.1280114014666665,0.932511811517194
1684,1.1278738419999996,0.9323108454972605
1685,1.1279136883666663,0.9324419668569577
1686,1.1282704123333327,0.9321831746313007
1687,1.127933057666666,0.9325401280842686
1688,1.126603215266666,0.9332384478869027
1689,1.1235458611333327,0.9313154605471653
1690,1.1219137849333332,0.9311023934400097
1691,1.118275322533333,0.9316615574595204
1692,1.1137662270999993,0.9303080007554616
1693,1.1095768667666661,0.9264168533723041
1694,1.1023750857666663,0.9247660323263709
1695,1.0982163365,0.9262771440850289
1696,1.0935873739666662,0.9255437723480703
1697,1.0905436648666664,0.9258796256046561
1698,1.0861872369333332,0.9277256955756426
1699,1.0824227330333331,0.9240859071767044
1700,1.0801285454999998,0.9241026573466734
1701,1.0775010103999998,0.9219586933145416
1702,1.0773214828666664,0.9218614419071952
1703,1.0767445412666665,0.9225343212554339
1704,1.0766291594333333,0.9223365534992006
1705,1.0742043371999999,0.9225973672463427
1706,1.0740280588333329,0.9230083140396801
1707,1.0735561856666664,0.9228977020726099
1708,1.0729603740999998,0.9221619279858724
1709,1.0728503849666664,0.9221323118919018
1710,1.0727556941999998,0.922235090641488
1711,1.0727741490666665,0.9222687473452027
1712,1.0726803698333331,0.9221314364349854
1713,1.0725726908999997,0.9221090402816484
1714,1.0726726407333331,0.9218127661541697
1715,1.0726196232333332,0.9220968686604835
1716,1.0713024654666667,0.922713043941931
1717,1.068227789166667,0.9207148590432629
1718,1.0675409721333333,0.9203546094533803
1719,1.0637685041000005,0.9207965269571498
1720,1.058803734133334,0.9187921080109338
1721,1.0547054541666672,0.9136703928721732
1722,1.0461696792000004,0.9127890851478392
1723,1.0405377278333336,0.9148993166958256
1724,1.036624228533334,0.9143358730963664
1725,1.0342479722000006,0.913652774449532
1726,1.0304202425333338,0.9149984798197507
1727,1.0283356922666667,0.9145585904722682
1728,1.0272002379000003,0.9142287206246347
1729,1.0241508704333333,0.9120297371487454
1730,1.0237258011333334,0.9115664411412766
1731,1.0232342292666665,0.912164511385147
1732,1.0234792528666665,0.9125897669924659
1733,1.0227972623333335,0.9128844701221076
1734,1.0225446861333334,0.9131842477846673
1735,1.0222494141666667,0.9131912544403165
1736,1.0222918009666666,0.9130020659727778
1737,1.022169037733333,0.9130438653522795
1738,1.0222460305999996,0.9133791130020004
1739,1.0221279538666663,0.9127117317243455
1740,1.0220925587666665,0.9127306948864112
1741,1.022056736533333,0.9126084791238986
1742,1.0220811566333332,0.9124071150200782
1743,1.0222420856333334,0.9125521048555482
1744,1.0208920734666664,0.9127535032677128
1745,1.0187777015333332,0.91124325430245
1746,1.0177604818333332,0.9113749822082252
1747,1.0137688117333334,0.9114443631814786
1748,1.0100533914999998,0.9097318473904019
1749,1.0060591866,0.905239279597087
1750,0.9988318793999998,0.9045828637912524
1751,0.9940989530999998,0.9061348870446829
1752,0.9909074675999998,0.9064534508370294
1753,0.9884884256666663,0.9049023998281357
1754,0.9839614254666664,0.9028162980940995
1755,0.9816357375666667,0.902493295588609
1756,0.9804744296999999,0.9022937082444771
1757,0.9773190489333333,0.8996651439921686
1758,0.9766994197000001,0.8990346458741021
1759,0.9765018249666669,0.8991580388238296
1760,0.9764691799000002,0.8991022977769525
1761,0.9763568968333334,0.8993893177371259
1762,0.9760974102333335,0.899971719413177
1763,0.9758764598000002,0.8999625637413
1764,0.9759312717000003,0.9000565236559127
1765,0.9757896475333335,0.9001424512948271
1766,0.9756836036333336,0.9000706222269147
1767,0.9757191638000002,0.9002015389423568
1768,0.9757381224333335,0.9003274272153239
1769,0.9757642620000003,0.9004239031073008
1770,0.9754771250666668,0.8995666405872341
1771,0.9757989349666667,0.8995634067755934
1772,0.9741121945000001,0.9001820839371029
1773,0.9720744015333332,0.899269692099671
1774,0.9710097084,0.8994020440101393
1775,0.9666193737333335,0.8989142723991834
1776,0.9634930403666666,0.8980163100034696
1777,0.9595223209,0.8940483533243971
1778,0.9519039607666671,0.8937989556871591
1779,0.9473823326333339,0.8939361339789059
1780,0.9446444094000005,0.8941623046734468
1781,0.9417299990000003,0.8919719583439212
1782,0.9369015130666671,0.8886840304830473
1783,0.9356754003333336,0.8877806727239089
1784,0.9344564301666671,0.8870831546272666
1785,0.9324567399000006,0.8863947513190638
1786,0.9319012750333338,0.8859175099269697
1787,0.9319479963000006,0.88614350493484
1788,0.9318741964666672,0.8859872447550132
1789,0.9318385492000004,0.8865404445523433
1790,0.9314352634000003,0.8867228396500301
1791,0.9309725945666671,0.8859889122078165
1792,0.930877391466667,0.8857887824022286
1793,0.9307370959666671,0.8859778256858901
1794,0.9307231942666672,0.8860499533433212
1795,0.9307231942666672,0.8860499533433212
1796,0.9308068846333337,0.8861498844039332
1797,0.9308068846333337,0.8861498844039332
1798,0.930461006166667,0.8858565404524302
1799,0.9306157850333338,0.8859450227333303
1800,0.9286903433000003,0.8866264862568832
1801,0.9261102043666669,0.885574042880536
1802,0.9252030083666669,0.8855280019905853
1803,0.9214791917,0.8851661342216447
1804,0.9175244826333333,0.884065687279087
1805,0.9137607403,0.882511142259676
1806,0.9067327878999997,0.8808518809362853
1807,0.902400485433333,0.8806638365190133
1808,0.8998604387666663,0.8809627268813313
1809,0.8968682983999997,0.8789693819553436
1810,0.8931736525666661,0.8768397781029094
1811,0.8916124783999997,0.8754671123174191
1812,0.8901742714333329,0.8744031318578855
1813,0.8880908828333328,0.873957802230725
1814,0.8874847397333329,0.8735857801056129
1815,0.8875482034666662,0.8738809626829818
1816,0.8877256566999995,0.8742071828286612
1817,0.8871466587999997,0.8739435429031844
1818,0.886810708433333,0.8744400844831132
1819,0.8866806885999995,0.8744864897628544
1820,0.8865634177999996,0.8741645484615881
1821,0.8862192296666662,0.8741822075139762
1822,0.8861585085666661,0.8740917019927026
1823,0.8861394770666662,0.8740417240366475
1824,0.8861556367999996,0.8740585459748407
1825,0.8861511242999998,0.8740205276038915
1826,0.885886766133333,0.87428657458219
1827,0.8859470169333332,0.8745192578771527
1828,0.8842034607333333,0.8752003085720125
1829,0.8821706566666666,0.8747373006533585
1830,0.8815187624666665,0.8747488861390422
1831,0.8780237596666666,0.8740589406539211
1832,0.8744184466666663,0.8733202219609053
1833,0.8699298790666664,0.8712864062360823
1834,0.8634678689333333,0.870623190378365
1835,0.8592583064,0.8699427009416133
1836,0.8554353448333333,0.8703705284927857
1837,0.8529804931333332,0.8691607065706305
1838,0.8502552498333332,0.867861609569531
1839,0.8469737256666665,0.8638802715997673
1840,0.8449312994333331,0.8625946672339285
1841,0.8435455193666668,0.8617777746496653
1842,0.8423106888,0.8602811976826209
1843,0.8423506353000003,0.8602760776953275
1844,0.8422075249333335,0.8598705659189113
1845,0.8411808772666668,0.8587234819332008
1846,0.8412358779666668,0.8589450703477961
1847,0.8411333204000002,0.8588903286573697
1848,0.8408621062000001,0.8582807770534141
1849,0.8406821858333334,0.858479320124248
1850,0.8406338866333334,0.8583943327384165
1851,0.8406821277333334,0.8581761426346568
1852,0.8407010591333333,0.8582131063564459
1853,0.8407534015666666,0.8581964006980825
1854,0.8401803351666666,0.8581370666209018
1855,0.8401053310333333,0.8583890746859577
1856,0.8379910534666667,0.8591175608889855
1857,0.8361563753666665,0.8590891073576266
1858,0.8352782748,0.8590874449219363
1859,0.8318413579999999,0.858197447548576
1860,0.8286324027666666,0.8574041903509471
1861,0.8242703307999999,0.8549557776523334
1862,0.8194129199000001,0.8541647013022959
1863,0.8150073110999999,0.8533738785443546
1864,0.8111653674,0.8549027909194065
1865,0.8091074492333333,0.8541502602954221
1866,0.8064421944333334,0.8537494342820505
1867,0.8026615623666666,0.8500596935731263
1868,0.8006989880333332,0.8479466429487267
1869,0.7988595569333332,0.8469019045965903
1870,0.7976269616333332,0.8454605147955737
1871,0.7979385744333332,0.8467024735851022
1872,0.7978218259999998,0.8464329376695842
1873,0.7966940723999999,0.845185029931549
1874,0.7970006331666666,0.8448804162166575
1875,0.7969149166,0.8447248299972459
1876,0.7966561355,0.8442838308741963
1877,0.7963714282666667,0.8443754066490406
1878,0.7965166257333334,0.8446212155108196
1879,0.7965166257333334,0.8446212155108196
1880,0.7965166257333334,0.8446212155108196
1881,0.79633904,0.8442783544847142
1882,0.7958524712999999,0.8447925999806974
1883,0.7957301163666666,0.8450362409336218
1884,0.7941257445666665,0.845426875172107
1885,0.7926340611666665,0.8456586440420786
1886,0.791626080033333,0.8449992933679633
1887,0.7879683674999998,0.8437990905935578
1888,0.7840213762999999,0.8433385411389118
1889,0.7805663793666666,0.8416634365174249
1890,0.7758388664666664,0.8410392947565876
1891,0.77214551,0.840074725378296
1892,0.7695812480666666,0.8406921438191713
1893,0.7672043324333332,0.8398572061947842
1894,0.7644650231999999,0.8396608213571376
1895,0.7613535783666666,0.8377192084204023
1896,0.7588688885666667,0.8349806448482474
1897,0.7565932659666665,0.8333273793905585
1898,0.7555899048666667,0.8330521090903706
1899,0.7557405356333333,0.8335296050312475
1900,0.7555350206666667,0.8331111837566302
1901,0.7549763232666667,0.8331061259432847
1902,0.7554073631666666,0.8330624201941781
1903,0.7552588481666667,0.8329949343557878
1904,0.7548516465000001,0.8322368710578967
1905,0.7546769295666669,0.8325436007298769
1906,0.7543411514666669,0.8325623075451815
1907,0.7543411514666669,0.8325623075451815
1908,0.7543411514666669,0.8325623075451815
1909,0.7543411514666669,0.8325623075451815
1910,0.7537665018666668,0.833013980746762
1911,0.7534699512666668,0.8331984541922447
1912,0.7519678661333336,0.8338131045738524
1913,0.7502538964666668,0.8335612301616621
1914,0.7488477333333335,0.8324424898673591
1915,0.7452170908666669,0.830981258328297
1916,0.7420694913333334,0.8310081043116049
1917,0.7382173471666668,0.8287984310220625
1918,0.7340960760000003,0.8278791771995389
1919,0.7307894478333334,0.8274928948283486
1920,0.7288635155333333,0.8275405815016563
1921,0.7264043435333333,0.827024526920414
1922,0.7236877869666667,0.8269046610799723
1923,0.7207559188666667,0.8244785033035156
1924,0.7185525725333333,0.8227983209002995
1925,0.7164947897333332,0.8211847810222381
1926,0.7151127869333332,0.819951260360619
1927,0.7150128686666666,0.819901809772455
1928,0.7148711437666665,0.8198219553050231
1929,0.7145784095999997,0.8197131939242058
1930,0.7147901052999999,0.8192210113323134
1931,0.7145565554333332,0.8191775006920686
1932,0.7140468050999998,0.818277995138211
1933,0.7140469919999998,0.817826351539565
1934,0.7139969004666665,0.8176067813325116
1935,0.7140401948666665,0.8176202504750234
1936,0.7140401948666665,0.8176202504750234
1937,0.7140401948666665,0.8176202504750234
1938,0.7138706553333333,0.8174459626318644
1939,0.7135232450666668,0.8176040099392196
1940,0.7127929998333333,0.8178216813777713
1941,0.7109137241333334,0.8176043911540404
1942,0.7092219586333334,0.8160931382898307
1943,0.7057627207999999,0.8146166371867236
1944,0.7026342376666664,0.8148082364851957
1945,0.6979034134333333,0.8126783947754479
1946,0.6942544941333334,0.8115923633125817
1947,0.6904116915666667,0.8118249975406583
1948,0.6885851322666668,0.8116724819627144
1949,0.6869150761666668,0.8115110219922524
1950,0.6847842303000001,0.810198152662609
1951,0.6827033233000002,0.8067706651185556
1952,0.6813203425000002,0.8059026488800942
1953,0.6794357202000002,0.8045318536373601
1954,0.6777776441333335,0.8007603861865755
1955,0.6773592720666669,0.7989753588329208
1956,0.6772309303666669,0.7986496203156537
1957,0.677084192366667,0.7983233462975748
1958,0.6770453676000002,0.7977188626593931
1959,0.6765888042333335,0.7974831397467221
1960,0.6760660674666668,0.7966331402321261
1961,0.6762724532000003,0.796443145786836
1962,0.6763080560666669,0.7964821243116759
1963,0.6762664804666669,0.7962949551141302
1964,0.6763421998000002,0.7963523855171717
1965,0.6763421998000002,0.7963523855171717
1966,0.6762181456333335,0.7963315865652261
1967,0.6757057557000002,0.7961866484602123
1968,0.6751764142000003,0.7963275080828227
1969,0.6734538599000002,0.7959248940348276
1970,0.6717378976000002,0.7946581378070291
1971,0.668883418466667,0.7931702399427495
1972,0.6662304547333335,0.7923043248759458
1973,0.6614389767333332,0.7905382340125245
1974,64.55598978243337,1104.9627761715117
